Opt,CNN_Layers,Dense_Layers,Arch,Loss,Acc
SGD,0,3,0_3,1.504688,29.6522
Adam,0,1,0_1,0.298756,90.0870
SGD,6,3,6_3,1.587135,29.6522
Adagrad,4,2,4_2,2.113724,21.2174
Adamax,0,2,0_2,0.279389,90.1739
Adam,3,3,3_3,0.728110,72.5217
Adadelta,7,2,7_2,1.330332,44.7826
rmsprop,7,1,7_1,1.413454,28.0870
Adamax,3,0,3_0,0.428882,86.6957
Adamax,2,2,2_2,0.297596,88.8696
SGD,2,2,2_2,1.519126,29.6522
Adadelta,3,0,3_0,0.500859,82.0000
SGD,6,4,6_4,1.593251,22.7826
Adam,1,4,1_4,0.245869,91.7391
Adam,2,3,2_3,0.294737,89.2174
Adadelta,6,3,6_3,2.005710,22.6957
Adagrad,0,3,0_3,0.259292,91.2174
Adagrad,8,4,8_4,1.645765,22.6957
Adamax,6,1,6_1,1.535404,24.4348
Nadam,5,0,5_0,0.504895,82.5217
Nadam,2,2,2_2,0.353415,87.3043
rmsprop,8,2,8_2,1.840860,22.6957
Nadam,1,3,1_3,0.354727,88.0870
Adamax,2,0,2_0,0.445167,85.3913
Adagrad,1,4,1_4,0.289214,89.8261
Adadelta,3,0,3_0,0.496434,84.8696
rmsprop,8,1,8_1,1.935769,22.6957
Adam,1,0,1_0,0.412258,87.7391
Adamax,8,4,8_4,1.762568,22.6957
Adamax,2,1,2_1,0.377573,87.4783
SGD,4,2,4_2,1.571847,29.6522
Nadam,0,1,0_1,0.252860,92.0870
Adadelta,7,1,7_1,1.248990,31.1304
SGD,3,4,3_4,1.578258,29.6522
Adadelta,1,2,1_2,0.347748,88.8696
SGD,8,4,8_4,1.591334,29.6522
Nadam,2,0,2_0,0.396626,86.6957
Adamax,2,1,2_1,0.321687,89.1304
Adadelta,5,0,5_0,0.928497,66.9565
rmsprop,8,4,8_4,1.774164,22.6957
Adagrad,0,4,0_4,0.399639,86.3478
SGD,6,2,6_2,1.581575,29.6522
Adamax,2,3,2_3,0.428274,85.2174
rmsprop,5,0,5_0,0.438796,85.1304
SGD,4,3,4_3,1.577984,29.6522
Adam,4,2,4_2,1.598824,26.7826
Adam,7,1,7_1,1.299106,28.1739
rmsprop,4,3,4_3,2.247070,26.0870
Nadam,4,4,4_4,1.821010,23.3913
Adagrad,3,1,3_1,0.424097,84.7826
rmsprop,8,3,8_3,2.045929,22.6957
Adadelta,4,4,4_4,1.272794,37.3913
SGD,4,4,4_4,1.585546,29.6522
Nadam,3,2,3_2,0.725378,69.3043
Adadelta,8,2,8_2,1.714903,22.6957
rmsprop,6,4,6_4,1.987969,20.6087
Nadam,0,0,0_0,0.380557,88.0870
Adadelta,2,4,2_4,0.536049,81.7391
Adam,8,0,8_0,1.550924,35.3043
rmsprop,3,3,3_3,1.975242,20.6957
SGD,7,4,7_4,1.589940,29.6522
Adagrad,3,2,3_2,1.222179,50.4348
rmsprop,0,0,0_0,0.506971,82.0000
Nadam,8,3,8_3,1.359048,29.6522
Adam,6,4,6_4,1.688529,19.6522
rmsprop,2,4,2_4,0.734237,75.3913
Nadam,3,2,3_2,0.592648,78.5217
Adamax,7,0,7_0,1.501042,43.1304
Adamax,4,4,4_4,1.845683,22.6957
Nadam,1,0,1_0,0.392272,88.0000
Adadelta,4,1,4_1,1.195796,49.0435
rmsprop,0,1,0_1,0.300300,90.1739
rmsprop,4,1,4_1,0.840343,70.0870
rmsprop,8,2,8_2,1.826580,22.6957
Adadelta,1,1,1_1,0.421595,84.8696
Adagrad,7,3,7_3,1.564899,29.6522
rmsprop,1,3,1_3,0.344056,90.6087
rmsprop,0,0,0_0,0.431388,85.1304
Adam,2,3,2_3,0.259979,90.9565
Nadam,7,0,7_0,1.370023,28.0000
rmsprop,6,4,6_4,2.296005,20.3478
Nadam,1,3,1_3,0.271915,91.5652
Nadam,2,3,2_3,0.316963,88.0000
rmsprop,8,0,8_0,1.650298,22.6957
SGD,1,4,1_4,1.557929,29.6522
rmsprop,6,1,6_1,1.438736,30.2609
Adagrad,1,4,1_4,0.290696,90.5217
Adagrad,6,1,6_1,1.436629,30.6087
Adam,0,2,0_2,0.241683,91.2174
Adadelta,1,1,1_1,0.372097,86.6957
rmsprop,8,0,8_0,1.414133,24.2609
Nadam,8,4,8_4,1.566608,29.6522
Adam,0,3,0_3,0.260584,91.4783
Adagrad,4,0,4_0,0.530929,83.8261
Nadam,8,0,8_0,1.492706,36.0000
Adamax,4,2,4_2,1.569942,31.5652
SGD,2,3,2_3,1.568851,29.6522
rmsprop,7,0,7_0,1.550056,24.2609
Adagrad,5,1,5_1,1.195698,49.0435
rmsprop,5,3,5_3,1.609854,26.6957
Adamax,4,4,4_4,1.908367,23.8261
Adadelta,6,4,6_4,2.445120,20.4348
Nadam,8,3,8_3,1.996064,20.0000
SGD,8,0,8_0,1.588636,29.6522
Adam,2,2,2_2,0.273431,90.6087
SGD,6,3,6_3,1.587596,29.6522
Adamax,5,4,5_4,2.069518,22.6957
Adagrad,5,2,5_2,1.268496,42.7826
Adadelta,7,3,7_3,1.545674,22.6957
Adagrad,2,0,2_0,0.533146,80.0870
Adam,3,2,3_2,0.366775,86.6957
Adam,6,0,6_0,0.606410,79.0435
rmsprop,3,4,3_4,1.083649,53.9130
Adagrad,7,4,7_4,1.754080,22.6957
rmsprop,3,2,3_2,0.614513,78.3478
Nadam,6,3,6_3,2.187731,20.9565
rmsprop,1,3,1_3,0.389133,88.4348
Adagrad,4,1,4_1,0.754908,73.4783
SGD,6,4,6_4,1.588986,29.6522
Nadam,6,4,6_4,1.991995,23.3913
Nadam,7,3,7_3,1.697585,26.0000
Adagrad,7,4,7_4,1.733228,22.6957
Adamax,7,2,7_2,1.516119,23.4783
SGD,5,1,5_1,1.473339,44.6087
SGD,6,4,6_4,1.589401,29.6522
Adadelta,7,0,7_0,1.494809,24.5217
Adam,5,3,5_3,1.803326,24.6957
Adamax,1,2,1_2,0.328800,88.3478
Adam,5,3,5_3,1.727880,25.3043
Adagrad,0,1,0_1,0.273038,90.2609
Adam,3,1,3_1,0.404399,85.5652
Nadam,2,4,2_4,0.596368,77.2174
Adam,4,4,4_4,1.733450,25.3913
SGD,7,1,7_1,1.586796,29.6522
Adagrad,1,3,1_3,0.284491,89.9130
Adadelta,1,3,1_3,0.398945,85.6522
Adamax,6,3,6_3,1.883697,22.6957
Adadelta,0,0,0_0,0.406670,86.9565
Adadelta,0,0,0_0,0.614996,74.5217
Adam,8,1,8_1,1.615956,22.6957
rmsprop,5,2,5_2,1.797860,25.2174
Adadelta,6,4,6_4,1.434098,26.5217
Adadelta,1,1,1_1,0.466765,83.4783
rmsprop,3,0,3_0,0.483369,82.2609
Adadelta,3,1,3_1,0.743425,74.0000
SGD,1,0,1_0,1.510746,29.6522
Adagrad,5,2,5_2,1.553222,28.1739
Nadam,3,4,3_4,1.332882,45.5652
Adagrad,7,0,7_0,1.313919,43.6522
SGD,1,3,1_3,1.556635,29.6522
Nadam,3,3,3_3,1.394541,42.6957
Nadam,1,0,1_0,0.374352,88.9565
Adam,1,0,1_0,0.461300,84.5217
Adagrad,8,4,8_4,1.597780,22.6957
Adamax,1,1,1_1,0.259966,91.3913
Adamax,1,4,1_4,0.261779,90.1739
SGD,0,1,0_1,1.406340,31.7391
Adadelta,6,2,6_2,1.729999,23.6522
Adam,3,4,3_4,1.590433,30.8696
Nadam,5,0,5_0,0.556914,79.1304
Nadam,7,1,7_1,1.520656,24.9565
rmsprop,6,0,6_0,1.045522,54.6957
Adadelta,8,0,8_0,1.543781,22.6957
Adam,8,4,8_4,1.818649,22.6957
rmsprop,0,0,0_0,0.589228,76.0870
SGD,3,0,3_0,0.975610,64.6957
Adagrad,2,3,2_3,0.980307,63.2174
SGD,0,3,0_3,1.530782,29.6522
Nadam,8,3,8_3,1.398762,26.2609
Adadelta,7,2,7_2,1.405860,27.2174
rmsprop,3,2,3_2,0.680558,74.3478
Adadelta,7,2,7_2,1.773460,21.5652
rmsprop,1,2,1_2,0.285223,90.1739
Adagrad,2,4,2_4,1.017661,62.3478
Adagrad,6,0,6_0,0.971967,63.0435
Adamax,8,1,8_1,1.622746,22.6957
Adadelta,2,0,2_0,0.438130,86.0870
Nadam,2,1,2_1,0.361183,87.3043
rmsprop,4,4,4_4,1.847347,24.6087
Adamax,5,1,5_1,1.460261,34.2609
Adadelta,3,1,3_1,0.948287,62.5217
Adamax,5,2,5_2,1.792014,26.0870
Adamax,5,4,5_4,1.765123,22.6957
Nadam,3,4,3_4,1.341816,42.1739
Adamax,0,0,0_0,0.462083,85.9130
Adam,4,4,4_4,1.921236,23.0435
SGD,7,0,7_0,1.588904,29.6522
Nadam,1,4,1_4,0.446826,83.8261
SGD,3,3,3_3,1.546901,29.6522
SGD,6,1,6_1,1.577575,29.6522
SGD,6,3,6_3,1.587423,29.6522
SGD,7,1,7_1,1.586782,29.6522
Adagrad,2,3,2_3,0.905393,66.7826
SGD,5,4,5_4,1.585491,29.6522
Adadelta,1,0,1_0,0.447934,85.1304
Adadelta,3,0,3_0,0.477982,84.6087
rmsprop,8,2,8_2,1.639589,22.6957
rmsprop,3,1,3_1,0.494500,83.5652
Adam,8,0,8_0,1.073515,50.6957
SGD,6,2,6_2,1.581705,29.6522
Adam,4,0,4_0,0.433021,86.4348
Adagrad,5,0,5_0,0.669815,74.3478
Adadelta,3,3,3_3,1.000324,62.1739
rmsprop,5,0,5_0,0.552366,81.6522
Adadelta,1,3,1_3,0.302393,90.0000
SGD,1,3,1_3,1.550501,29.6522
Adamax,1,0,1_0,0.424857,87.0435
SGD,1,0,1_0,1.429856,29.7391
rmsprop,3,4,3_4,1.645083,30.4348
SGD,1,1,1_1,1.417918,29.6522
SGD,8,4,8_4,1.589712,29.6522
Adam,4,1,4_1,1.251972,42.4348
Adadelta,7,4,7_4,1.892403,22.6957
rmsprop,6,0,6_0,1.190326,47.2174
rmsprop,8,2,8_2,1.931303,22.6957
rmsprop,0,1,0_1,0.305947,90.6957
Adam,8,4,8_4,2.019851,22.6957
SGD,8,2,8_2,1.589981,29.6522
Nadam,7,1,7_1,1.543537,30.7826
SGD,2,0,2_0,0.834054,67.8261
Adamax,6,2,6_2,1.645243,23.3913
SGD,0,1,0_1,1.468063,29.6522
rmsprop,1,3,1_3,0.266081,90.9565
Adagrad,2,2,2_2,1.114773,64.1739
Adagrad,1,3,1_3,0.356606,87.1304
rmsprop,1,2,1_2,0.288715,89.3913
rmsprop,8,0,8_0,1.335125,45.3913
Nadam,2,0,2_0,0.465334,84.6957
rmsprop,0,0,0_0,0.566547,79.4783
Adamax,4,2,4_2,1.675888,32.1739
Adamax,5,2,5_2,1.708911,23.3913
Adagrad,7,4,7_4,1.587156,22.6957
SGD,7,0,7_0,1.587979,29.6522
Adadelta,3,0,3_0,1.022807,65.2174
Adamax,5,0,5_0,1.234939,46.0000
Nadam,5,4,5_4,1.943399,22.1739
Adamax,2,1,2_1,0.339402,88.4348
Adam,6,4,6_4,2.223454,22.6957
Adamax,4,0,4_0,0.429353,87.3913
SGD,3,1,3_1,1.524632,29.6522
Adamax,1,0,1_0,0.427649,86.5217
SGD,2,3,2_3,1.542108,29.6522
Nadam,5,1,5_1,1.292060,48.2609
Adadelta,6,4,6_4,1.774355,22.6957
Adamax,0,3,0_3,0.276511,90.3478
Adamax,6,3,6_3,1.934512,22.6957
Adamax,4,2,4_2,1.781376,24.9565
Nadam,4,3,4_3,0.997335,60.0870
SGD,4,0,4_0,1.325779,55.6522
SGD,4,3,4_3,1.579998,29.6522
Adam,2,1,2_1,0.317084,89.7391
Adam,2,0,2_0,0.409450,87.2174
Adadelta,0,0,0_0,0.396057,87.7391
rmsprop,4,4,4_4,1.467081,28.6087
Adam,2,1,2_1,0.245066,91.0435
Adam,1,4,1_4,0.246387,91.9130
Adadelta,5,4,5_4,2.022822,22.6957
Adagrad,6,4,6_4,1.930010,22.3478
Nadam,1,2,1_2,0.311725,90.2609
Nadam,7,1,7_1,1.679854,23.9130
Adadelta,6,2,6_2,1.842489,23.4783
Adadelta,3,3,3_3,1.575814,32.3478
rmsprop,4,3,4_3,1.210907,47.1304
Adadelta,4,4,4_4,2.228015,20.2609
Adadelta,0,0,0_0,0.424146,85.3913
Adamax,0,2,0_2,0.264417,91.3043
SGD,4,0,4_0,1.570549,29.6522
Adadelta,1,2,1_2,0.776577,68.1739
SGD,2,3,2_3,1.573651,29.6522
SGD,0,0,0_0,0.825036,67.3913
Adadelta,6,0,6_0,1.322026,42.1739
Nadam,8,2,8_2,1.457963,33.1304
rmsprop,6,0,6_0,1.070511,56.5217
SGD,1,4,1_4,1.567608,29.6522
SGD,3,4,3_4,1.585394,29.6522
Adam,3,0,3_0,0.412937,86.8696
Nadam,6,1,6_1,1.534011,30.1739
Adamax,6,0,6_0,1.439427,27.8261
Adamax,0,4,0_4,0.240476,92.0870
Nadam,5,3,5_3,1.625349,21.3043
SGD,1,4,1_4,1.541942,29.6522
Nadam,4,1,4_1,0.443611,84.6957
Adam,2,3,2_3,0.349265,88.6957
Adadelta,2,2,2_2,0.880415,62.8696
SGD,8,3,8_3,1.589275,29.6522
SGD,1,2,1_2,1.484441,29.6522
Adamax,4,1,4_1,1.451814,38.2609
SGD,2,1,2_1,1.555194,29.6522
Adadelta,1,3,1_3,0.273449,90.1739
Adagrad,0,0,0_0,0.423113,86.8696
Adamax,5,4,5_4,1.973831,22.6957
Adam,4,3,4_3,1.850002,26.7826
SGD,2,4,2_4,1.581130,29.6522
Adam,2,1,2_1,0.292937,89.9130
Adagrad,8,2,8_2,1.606667,23.6522
Adagrad,2,2,2_2,0.731923,71.5652
Nadam,7,0,7_0,1.122549,46.6087
rmsprop,8,0,8_0,1.552683,33.0435
Adagrad,0,1,0_1,0.361543,87.9130
rmsprop,5,2,5_2,1.567458,25.8261
SGD,7,0,7_0,1.586354,29.6522
Adagrad,2,0,2_0,0.442094,84.6957
Adam,7,0,7_0,1.017074,57.0435
SGD,4,2,4_2,1.478187,45.0435
SGD,2,0,2_0,0.836800,68.7826
SGD,2,1,2_1,1.500458,29.6522
Nadam,7,2,7_2,1.610883,23.6522
SGD,0,0,0_0,1.438142,29.6522
Adadelta,8,0,8_0,1.135106,53.0435
Adam,3,3,3_3,1.480921,38.0870
rmsprop,1,1,1_1,0.304886,89.1304
Adamax,3,4,3_4,1.744566,28.8696
Adagrad,6,2,6_2,1.621987,23.5652
Adam,3,1,3_1,0.403654,86.6087
SGD,4,3,4_3,1.585919,29.6522
rmsprop,8,1,8_1,1.368300,26.5217
rmsprop,1,4,1_4,0.291790,90.8696
Adam,4,2,4_2,1.478180,34.7826
Adadelta,8,0,8_0,1.761004,22.6957
Adam,0,1,0_1,0.267400,90.8696
SGD,7,1,7_1,1.587851,29.6522
SGD,0,2,0_2,1.539224,29.6522
Adamax,6,1,6_1,1.620819,22.6957
rmsprop,8,4,8_4,1.832868,22.6957
Adagrad,6,1,6_1,1.651935,23.6522
Adadelta,0,3,0_3,0.244571,91.7391
Adagrad,2,0,2_0,0.431171,86.7826
SGD,0,4,0_4,1.574579,29.6522
rmsprop,7,3,7_3,1.949479,22.7826
Adadelta,2,2,2_2,0.380634,86.4348
Nadam,0,0,0_0,0.415501,85.9130
Adadelta,3,2,3_2,0.771295,69.9130
Adadelta,3,0,3_0,0.905684,65.0435
Adadelta,7,2,7_2,1.515475,26.8696
Adadelta,2,4,2_4,0.885012,65.1304
Adamax,1,2,1_2,0.255939,91.2174
Nadam,4,0,4_0,0.479058,85.0435
Adagrad,8,4,8_4,1.916200,22.6957
rmsprop,2,1,2_1,0.409651,85.2174
Adamax,3,0,3_0,0.460923,84.9565
Nadam,1,2,1_2,0.289052,89.8261
Adamax,8,1,8_1,1.606832,22.6957
SGD,8,1,8_1,1.589642,29.6522
Adam,2,3,2_3,0.416662,84.0000
Adagrad,6,4,6_4,1.829451,21.8261
Adadelta,7,0,7_0,1.445203,25.3913
Nadam,6,3,6_3,2.376837,20.2609
Nadam,3,2,3_2,0.563954,79.3913
Adadelta,3,1,3_1,0.633328,75.5652
Adadelta,5,2,5_2,1.291353,38.4348
Adam,7,4,7_4,2.017879,22.6957
Nadam,8,4,8_4,1.564403,29.6522
Adam,8,4,8_4,1.944199,22.6957
Adam,0,1,0_1,0.328837,89.5652
Nadam,2,3,2_3,0.344735,86.6957
Adamax,6,1,6_1,1.584785,23.5652
Nadam,8,3,8_3,1.702562,22.6957
Nadam,6,1,6_1,1.522277,28.0000
Adadelta,3,2,3_2,0.985816,62.8696
Adamax,6,4,6_4,1.661048,22.6087
Adagrad,2,1,2_1,0.495717,82.0000
SGD,8,0,8_0,1.589633,29.6522
rmsprop,2,2,2_2,0.841982,62.9565
Adadelta,6,1,6_1,1.799332,23.3043
SGD,6,3,6_3,1.588121,29.6522
Nadam,3,2,3_2,0.700489,72.4348
Adamax,1,0,1_0,0.462172,86.5217
Adam,2,3,2_3,0.288392,89.4783
Adadelta,3,3,3_3,0.858106,65.7391
rmsprop,0,2,0_2,0.358394,87.0435
rmsprop,1,0,1_0,0.482544,85.6522
Adam,5,2,5_2,1.937505,26.3478
Adadelta,2,1,2_1,0.319623,88.4348
Nadam,3,3,3_3,1.086912,60.6087
Nadam,0,4,0_4,0.288787,90.2609
rmsprop,2,2,2_2,0.387580,86.9565
Adam,5,0,5_0,0.446902,84.6957
Nadam,5,2,5_2,1.696449,29.3043
Adam,1,1,1_1,0.302002,89.1304
Adamax,4,4,4_4,2.000741,22.9565
Adagrad,6,1,6_1,1.519742,27.8261
Adagrad,4,1,4_1,1.254410,41.8261
Adamax,6,3,6_3,2.013405,22.6957
SGD,6,0,6_0,1.579891,29.6522
Adadelta,6,2,6_2,1.559315,26.7826
Adamax,2,2,2_2,0.297378,89.4783
Adadelta,1,0,1_0,0.750922,71.3043
Nadam,4,1,4_1,0.657024,76.6957
SGD,3,1,3_1,1.507175,29.6522
Adamax,6,1,6_1,1.549024,23.6522
Adam,1,4,1_4,0.251632,92.4348
Adam,6,1,6_1,1.591192,24.5217
Nadam,4,2,4_2,1.642328,32.7826
Adagrad,5,3,5_3,2.022023,25.5652
Adagrad,8,0,8_0,1.582672,22.6957
Adadelta,3,1,3_1,0.799921,70.9565
Adagrad,3,4,3_4,1.559433,35.5652
Adam,1,3,1_3,0.238521,92.0870
Adamax,8,0,8_0,1.307920,44.6087
Adamax,5,3,5_3,1.961384,22.6957
Adadelta,8,4,8_4,1.454432,22.7826
Adamax,7,2,7_2,1.638612,24.1739
Adam,6,3,6_3,1.814955,22.6957
Adam,7,1,7_1,1.637593,22.6957
Nadam,1,1,1_1,0.334174,86.9565
Adadelta,6,1,6_1,1.605655,23.3043
Adamax,2,4,2_4,1.206472,47.9130
Nadam,3,0,3_0,0.493552,83.0435
rmsprop,3,3,3_3,0.963871,60.8696
Adagrad,0,2,0_2,0.265019,90.2609
Nadam,7,3,7_3,2.142297,20.4348
Adamax,8,1,8_1,1.531475,25.2174
rmsprop,1,4,1_4,0.473659,85.0435
Adagrad,3,0,3_0,0.463377,85.3913
Adagrad,8,0,8_0,1.611387,22.9565
Adagrad,7,3,7_3,1.612645,22.6957
Adadelta,4,0,4_0,0.765438,71.8261
Nadam,4,0,4_0,0.415241,86.5217
SGD,6,0,6_0,1.578856,29.6522
Nadam,4,4,4_4,1.688842,25.3043
Adadelta,1,4,1_4,0.293092,90.6957
SGD,5,2,5_2,1.574454,29.6522
Adamax,3,3,3_3,1.296943,42.1739
rmsprop,5,3,5_3,2.322264,20.2609
Nadam,7,1,7_1,1.462758,27.5652
Adadelta,7,4,7_4,2.338496,20.2609
rmsprop,5,0,5_0,1.012443,67.0435
Adamax,2,2,2_2,0.328085,88.6957
SGD,4,1,4_1,1.551485,29.6522
SGD,0,1,0_1,1.440379,29.6522
SGD,2,2,2_2,1.554933,29.6522
rmsprop,5,3,5_3,2.019741,20.9565
Adam,6,4,6_4,1.841029,22.6957
Adadelta,0,0,0_0,0.498651,81.8261
Nadam,1,4,1_4,0.487463,82.4348
SGD,4,0,4_0,1.567206,29.6522
Nadam,6,1,6_1,2.185091,22.8696
rmsprop,4,4,4_4,2.152528,20.5217
Adam,5,4,5_4,2.191161,22.6957
Adadelta,7,0,7_0,1.362454,37.4783
Adam,3,4,3_4,1.493711,29.8261
Adadelta,2,3,2_3,0.473534,83.1304
Adadelta,4,0,4_0,1.214127,54.9565
Nadam,2,4,2_4,0.844894,67.8261
Adamax,6,0,6_0,1.012356,53.4783
Adagrad,6,1,6_1,1.473674,25.4783
Adadelta,1,1,1_1,0.560083,79.2174
Nadam,1,0,1_0,0.377252,87.3043
Adadelta,4,2,4_2,1.186644,50.9565
Adam,0,2,0_2,0.303541,89.2174
Adamax,1,3,1_3,0.260074,91.1304
Adagrad,0,3,0_3,0.292477,89.4783
Nadam,3,4,3_4,1.393592,39.1304
Adadelta,5,0,5_0,1.087044,60.9565
Adamax,5,4,5_4,1.908246,22.6957
SGD,2,4,2_4,1.584258,29.6522
Adamax,3,3,3_3,1.436794,38.1739
Adadelta,5,0,5_0,0.698424,76.4348
SGD,3,3,3_3,1.569590,29.6522
Adam,8,3,8_3,1.835643,22.6957
Adamax,2,4,2_4,1.352369,41.3043
Adam,3,0,3_0,0.488667,83.6522
SGD,6,0,6_0,1.573777,23.2174
SGD,1,0,1_0,1.476637,29.6522
Adagrad,7,0,7_0,1.504862,25.3913
SGD,3,3,3_3,1.569719,29.6522
Adamax,4,3,4_3,1.792385,23.8261
Adagrad,3,4,3_4,1.261185,57.1304
Adam,3,2,3_2,0.437361,83.9130
rmsprop,3,1,3_1,0.429010,85.6522
SGD,7,3,7_3,1.587586,29.6522
SGD,2,3,2_3,1.576140,29.6522
Nadam,2,1,2_1,0.440129,84.7826
Adagrad,0,4,0_4,0.327305,89.6522
Nadam,6,2,6_2,1.543580,28.0870
Adam,3,2,3_2,0.445735,84.4348
Adagrad,1,1,1_1,0.321842,89.6522
SGD,5,1,5_1,1.563558,29.6522
Adam,2,0,2_0,0.437930,85.3913
Nadam,5,4,5_4,1.834381,22.0000
rmsprop,4,1,4_1,1.181655,52.0000
SGD,5,4,5_4,1.587590,29.6522
Adam,4,2,4_2,1.589852,27.8261
Adadelta,6,4,6_4,1.479062,31.5652
Adamax,1,0,1_0,0.426607,87.2174
SGD,1,4,1_4,1.549522,29.6522
Adadelta,5,4,5_4,1.447992,28.9565
SGD,6,2,6_2,1.585505,29.6522
Adadelta,7,3,7_3,1.838840,22.6957
Adam,7,4,7_4,1.909687,22.6957
Adagrad,3,2,3_2,1.088163,58.6087
SGD,1,2,1_2,1.491091,29.6522
Adam,4,1,4_1,0.531673,81.2174
Adam,6,3,6_3,2.085568,20.4348
Adagrad,4,1,4_1,1.208679,46.7826
rmsprop,0,0,0_0,0.465469,84.8696
Adamax,3,4,3_4,1.646426,26.8696
rmsprop,6,1,6_1,1.614176,22.0870
Nadam,8,3,8_3,2.086713,22.6957
Nadam,6,0,6_0,1.258900,40.9565
Adadelta,5,3,5_3,1.979669,22.9565
Nadam,6,3,6_3,2.112579,23.8261
Nadam,5,2,5_2,0.923360,68.0000
Nadam,4,4,4_4,1.516495,28.5217
Nadam,7,4,7_4,2.132197,22.6957
Nadam,8,2,8_2,1.781943,22.8696
Adadelta,7,1,7_1,1.597677,23.3913
Adagrad,2,1,2_1,0.466049,80.9565
Adadelta,8,1,8_1,1.700532,22.6957
SGD,0,0,0_0,1.462441,29.6522
SGD,4,3,4_3,1.577299,29.6522
Adamax,0,3,0_3,0.240226,92.3478
Adagrad,0,2,0_2,0.270110,90.0870
Adamax,8,0,8_0,1.566965,34.0000
rmsprop,3,1,3_1,0.487216,82.3478
rmsprop,6,0,6_0,0.793521,68.1739
rmsprop,0,3,0_3,0.323950,89.2174
Adagrad,5,3,5_3,2.245473,20.6957
Nadam,4,4,4_4,1.666148,23.9130
Adadelta,8,3,8_3,1.587772,22.6957
SGD,1,2,1_2,1.419083,30.0000
SGD,3,1,3_1,1.493375,29.6522
Adagrad,7,1,7_1,1.543060,26.7826
Nadam,3,0,3_0,0.357213,89.3913
Adam,0,2,0_2,0.237033,92.3478
Adagrad,1,1,1_1,0.336365,88.7826
rmsprop,2,4,2_4,0.754184,71.3043
Adadelta,5,1,5_1,1.793324,25.0435
Nadam,0,1,0_1,0.283643,90.4348
Adagrad,7,3,7_3,1.401945,30.1739
Adadelta,6,1,6_1,1.630910,25.5652
Nadam,2,4,2_4,0.548748,80.0000
Nadam,0,3,0_3,0.312929,88.8696
SGD,7,2,7_2,1.586796,29.6522
Adamax,8,0,8_0,1.348154,42.6957
Nadam,5,2,5_2,1.496736,31.7391
Adamax,7,1,7_1,1.574181,22.6957
Adagrad,6,2,6_2,1.930813,21.6522
rmsprop,5,3,5_3,2.023062,20.8696
Adagrad,7,3,7_3,1.726587,27.4783
Adadelta,3,2,3_2,0.923305,65.5652
Nadam,2,2,2_2,0.308914,89.4783
Adamax,5,2,5_2,1.829375,23.1304
rmsprop,1,4,1_4,0.317146,90.0870
Adamax,4,0,4_0,0.431990,87.2174
Nadam,4,0,4_0,0.722154,74.4348
rmsprop,5,4,5_4,1.659177,23.5652
SGD,1,0,1_0,0.820648,67.8261
Adamax,2,2,2_2,0.345005,87.3043
Adam,4,4,4_4,2.078837,22.6957
Adagrad,3,2,3_2,1.323064,42.8696
Nadam,6,3,6_3,1.685578,25.3043
rmsprop,6,2,6_2,2.267657,20.5217
Adadelta,2,3,2_3,0.467398,83.1304
Adamax,2,4,2_4,0.384947,85.1304
Adagrad,8,2,8_2,1.691800,22.6957
SGD,3,2,3_2,1.542951,29.6522
Adagrad,1,1,1_1,0.371767,87.2174
rmsprop,3,4,3_4,1.829114,22.7826
Adagrad,8,3,8_3,1.790532,22.6957
Adadelta,8,3,8_3,1.667459,22.6957
Nadam,5,2,5_2,2.133411,22.6087
Adam,2,2,2_2,0.282845,90.2609
Nadam,6,1,6_1,0.908190,65.9130
Nadam,6,2,6_2,1.508833,24.5217
Adam,0,4,0_4,0.240911,92.2609
SGD,4,1,4_1,1.564604,29.6522
Adagrad,1,1,1_1,0.307236,90.0870
SGD,1,4,1_4,1.577776,29.6522
Adam,7,2,7_2,1.968555,22.6957
Adam,5,4,5_4,1.922493,22.5217
Adagrad,4,1,4_1,0.807733,71.0435
rmsprop,6,4,6_4,2.104939,20.6957
rmsprop,6,3,6_3,1.986948,23.2174
Adadelta,6,1,6_1,1.668886,25.2174
Adamax,7,0,7_0,1.512842,44.7826
Adagrad,2,3,2_3,0.748910,72.1739
SGD,0,2,0_2,1.493345,29.6522
Adagrad,3,4,3_4,1.034473,60.6087
Adadelta,4,4,4_4,1.375527,32.6957
Nadam,1,2,1_2,0.360753,86.7826
Nadam,0,2,0_2,0.386722,86.3478
Adam,7,2,7_2,1.818769,22.6957
rmsprop,0,4,0_4,0.321825,89.4783
Adamax,8,0,8_0,1.392469,43.7391
Nadam,4,3,4_3,1.757722,24.9565
rmsprop,1,0,1_0,0.655598,74.8696
Adam,1,1,1_1,0.263806,91.3043
rmsprop,7,3,7_3,1.795381,22.4348
Nadam,0,2,0_2,0.330463,87.8261
SGD,3,1,3_1,1.511076,29.6522
SGD,3,0,3_0,1.046545,62.4348
Adamax,7,0,7_0,1.455908,45.9130
Adamax,7,1,7_1,1.613209,22.6957
Adadelta,1,4,1_4,0.347805,88.0870
rmsprop,5,1,5_1,1.243277,46.1739
Adam,2,4,2_4,0.348318,87.3043
Adam,3,3,3_3,1.311888,44.4348
Adam,6,1,6_1,1.685189,23.5652
SGD,2,3,2_3,1.558694,29.6522
rmsprop,3,1,3_1,0.690696,73.0435
Adagrad,4,2,4_2,2.061929,22.6957
SGD,6,2,6_2,1.590132,29.6522
rmsprop,2,4,2_4,0.441717,84.0870
Adadelta,4,2,4_2,1.647582,23.8261
Adagrad,0,0,0_0,0.451438,84.8696
Adamax,4,4,4_4,1.878847,22.8696
Adamax,5,3,5_3,2.058928,19.8261
Adadelta,2,0,2_0,0.409517,87.2174
SGD,0,3,0_3,1.551863,29.6522
Adamax,8,1,8_1,1.462055,27.2174
Nadam,7,2,7_2,1.463019,28.0870
Adagrad,7,3,7_3,1.551216,29.6522
SGD,7,1,7_1,1.586163,29.6522
rmsprop,0,0,0_0,0.624630,78.0000
Adagrad,2,2,2_2,0.463756,82.1739
Adamax,3,3,3_3,1.290229,44.8696
Adagrad,5,2,5_2,1.790077,25.6522
rmsprop,4,0,4_0,0.490610,84.6957
rmsprop,0,4,0_4,0.425326,85.0435
Adadelta,4,3,4_3,1.344783,40.0870
Adagrad,2,4,2_4,1.208498,61.9130
rmsprop,4,3,4_3,1.984275,25.5652
SGD,7,0,7_0,1.582874,29.6522
Adamax,4,2,4_2,1.598994,33.6522
Nadam,5,4,5_4,1.596729,24.6957
Adamax,5,0,5_0,0.460046,86.9565
Adagrad,2,3,2_3,0.977023,62.3478
Adadelta,5,4,5_4,1.724587,22.4348
Adamax,7,3,7_3,1.922186,22.6957
Adadelta,5,3,5_3,1.464754,28.6087
Adadelta,5,3,5_3,1.700376,21.5652
Adamax,1,2,1_2,0.323850,88.3478
Adam,3,4,3_4,1.710348,27.3913
Adadelta,7,0,7_0,1.469739,26.4348
Adam,8,2,8_2,1.713199,23.1304
SGD,2,2,2_2,1.554438,29.6522
Adam,7,2,7_2,0.942967,58.4348
Nadam,8,1,8_1,1.222192,30.9565
Adamax,1,2,1_2,0.268420,91.1304
Adamax,1,3,1_3,0.234532,91.5652
Adam,8,4,8_4,1.887336,22.6957
Adagrad,5,4,5_4,1.733051,23.6522
Adam,6,3,6_3,2.253096,21.1304
rmsprop,3,4,3_4,1.747509,24.5217
SGD,4,2,4_2,1.587109,29.6522
Adam,2,0,2_0,0.430753,86.6087
Adagrad,5,0,5_0,0.882930,69.4783
Adamax,7,1,7_1,1.690489,22.8696
Nadam,0,4,0_4,0.314592,90.0000
SGD,3,0,3_0,1.507252,29.6522
SGD,6,3,6_3,1.586880,29.6522
Adadelta,2,3,2_3,0.918979,65.1304
rmsprop,7,3,7_3,2.024644,22.6957
Adadelta,3,2,3_2,0.924373,65.2174
Nadam,6,4,6_4,2.076136,26.0870
Adamax,6,0,6_0,1.180151,50.1739
Nadam,7,1,7_1,1.992232,23.3043
Adadelta,3,4,3_4,1.758944,24.6957
Adadelta,2,3,2_3,0.454053,84.5217
Adadelta,2,1,2_1,0.287289,89.2174
Adagrad,3,4,3_4,1.772788,27.8261
Adagrad,7,3,7_3,2.422150,20.2609
Adagrad,5,3,5_3,1.741350,23.6522
rmsprop,1,0,1_0,0.940810,66.2609
SGD,8,3,8_3,1.590845,29.6522
rmsprop,1,1,1_1,0.332365,88.5217
Adadelta,1,4,1_4,0.279818,89.6522
Adadelta,5,2,5_2,1.813614,21.9130
rmsprop,6,4,6_4,2.250545,20.3478
Adamax,2,0,2_0,0.400883,86.4348
Adagrad,3,3,3_3,1.593339,36.8696
Adamax,8,3,8_3,1.913479,22.6957
Adadelta,7,2,7_2,1.593260,23.1304
Adadelta,3,2,3_2,0.555148,79.6522
Adadelta,4,4,4_4,1.373062,34.7826
Adamax,4,2,4_2,1.411061,40.0000
Nadam,2,2,2_2,0.295328,89.3913
Adam,2,4,2_4,0.330359,88.1739
Nadam,7,2,7_2,1.787953,21.7391
Adamax,0,4,0_4,0.248271,92.6087
Nadam,8,3,8_3,1.562023,26.0000
Adam,2,2,2_2,0.263887,91.3913
Adam,4,1,4_1,1.186393,49.0435
Adam,2,0,2_0,0.443404,85.3043
Nadam,0,2,0_2,0.263331,91.7391
Adagrad,5,0,5_0,0.918945,67.6522
rmsprop,8,1,8_1,1.772592,22.6957
Adadelta,8,2,8_2,1.592576,22.6957
Nadam,5,3,5_3,2.488339,20.6957
SGD,8,1,8_1,1.589438,29.6522
rmsprop,7,4,7_4,2.134513,20.3478
rmsprop,7,2,7_2,1.896198,22.6087
Adam,7,2,7_2,1.477185,26.2609
Adamax,5,0,5_0,0.615461,79.3043
Adamax,0,1,0_1,0.290975,90.0870
rmsprop,4,3,4_3,1.952230,25.7391
Nadam,7,4,7_4,1.620813,25.9130
Adadelta,8,4,8_4,1.671134,22.6957
Adamax,5,4,5_4,2.040486,22.6957
Adagrad,5,0,5_0,0.814353,70.6957
Nadam,8,2,8_2,1.930198,21.3913
SGD,4,0,4_0,1.566397,29.6522
Adamax,8,4,8_4,1.770096,22.6957
Nadam,4,2,4_2,0.774917,68.3478
SGD,1,1,1_1,1.507900,29.6522
SGD,4,2,4_2,1.577588,29.6522
rmsprop,7,2,7_2,1.956437,20.4348
Adamax,2,3,2_3,0.322653,87.7391
Adamax,1,2,1_2,0.253651,91.4783
Adamax,8,4,8_4,1.815999,22.6957
Adam,4,4,4_4,1.934651,23.9130
Adadelta,5,2,5_2,1.817406,24.2609
rmsprop,6,2,6_2,1.722691,24.1739
Adamax,2,4,2_4,0.333192,88.0000
Adam,8,1,8_1,1.256504,45.2174
rmsprop,8,2,8_2,1.972933,22.6957
Nadam,3,0,3_0,0.462455,83.2174
Nadam,4,2,4_2,1.201536,49.7391
Adadelta,4,1,4_1,0.933637,63.5652
Adam,7,2,7_2,1.807469,24.2609
Adadelta,2,3,2_3,0.740259,72.8696
Adadelta,4,4,4_4,1.593770,31.0435
rmsprop,7,1,7_1,1.387280,27.1304
Nadam,3,1,3_1,0.487116,80.6087
rmsprop,7,3,7_3,1.589585,24.3478
SGD,6,2,6_2,1.583872,29.6522
rmsprop,1,0,1_0,0.537076,78.0000
Adamax,5,0,5_0,0.563950,79.3043
Nadam,5,3,5_3,2.004575,25.5652
Adadelta,5,1,5_1,1.793339,25.3043
Adamax,3,0,3_0,0.380284,88.5217
Adam,6,4,6_4,1.756958,20.1739
SGD,5,4,5_4,1.589788,29.6522
SGD,0,3,0_3,1.580125,29.6522
Adadelta,0,3,0_3,0.288490,88.6087
Adam,0,2,0_2,0.251468,92.1739
Adam,3,1,3_1,0.392183,86.4348
Adadelta,2,1,2_1,0.353889,87.4783
SGD,7,2,7_2,1.585659,29.6522
Adam,8,2,8_2,1.677861,21.8261
Adam,8,0,8_0,1.046129,53.2174
rmsprop,0,2,0_2,0.334100,88.7826
Adadelta,0,4,0_4,0.317730,89.3913
SGD,7,2,7_2,1.585407,29.6522
Nadam,5,4,5_4,1.819051,21.6522
Adam,4,2,4_2,1.703595,24.7826
Adagrad,8,0,8_0,1.424423,30.6087
Adam,4,3,4_3,1.693855,29.3913
Adamax,5,1,5_1,1.514256,29.4783
SGD,5,1,5_1,1.576622,29.6522
Nadam,8,1,8_1,1.348669,26.0000
Adagrad,3,4,3_4,1.472840,34.8696
Adamax,2,4,2_4,0.376674,86.1739
Adagrad,6,1,6_1,1.730624,21.4783
rmsprop,4,0,4_0,0.546951,80.4348
rmsprop,8,4,8_4,2.036118,22.6957
Adamax,6,1,6_1,1.577440,23.4783
Adadelta,6,0,6_0,1.037664,56.9565
SGD,5,1,5_1,1.580919,29.6522
SGD,5,3,5_3,1.579584,29.6522
rmsprop,5,0,5_0,0.724193,73.0435
Adagrad,1,3,1_3,0.282021,89.6522
Adadelta,2,2,2_2,0.357979,86.6087
Adamax,7,2,7_2,1.735251,22.6957
rmsprop,7,1,7_1,1.758561,22.6957
Nadam,4,0,4_0,0.374713,88.6957
Adamax,1,4,1_4,0.253325,91.5652
rmsprop,7,4,7_4,1.859206,22.6957
Adagrad,0,4,0_4,0.261600,91.5652
SGD,8,0,8_0,1.588032,29.6522
Adamax,1,4,1_4,0.291270,89.6522
Adamax,3,4,3_4,1.774552,24.0000
Adam,7,0,7_0,0.703929,72.6957
SGD,7,4,7_4,1.592991,29.6522
Nadam,6,0,6_0,0.882018,68.0000
Adadelta,5,0,5_0,1.004815,63.1304
Adagrad,0,1,0_1,0.329189,88.8696
Nadam,4,1,4_1,0.678828,71.5652
Adagrad,4,2,4_2,1.850578,23.7391
Nadam,7,0,7_0,0.783167,69.4783
Nadam,5,0,5_0,0.590273,78.6957
Adadelta,3,4,3_4,1.287863,40.9565
SGD,1,4,1_4,1.555334,29.6522
Adagrad,8,0,8_0,1.602899,22.9565
Adagrad,5,1,5_1,1.209712,43.9130
Adamax,5,2,5_2,1.571754,26.3478
SGD,0,2,0_2,1.479987,29.6522
Adam,4,3,4_3,1.955563,25.3043
Adagrad,7,2,7_2,1.932755,22.6957
Adagrad,0,3,0_3,0.330010,87.6522
Adagrad,4,2,4_2,1.413549,40.4348
Adadelta,1,3,1_3,0.259372,91.1304
Nadam,3,4,3_4,1.367822,46.0000
Adagrad,2,0,2_0,0.526025,81.3913
Adam,6,0,6_0,1.430308,36.9565
Adamax,4,3,4_3,1.886803,23.4783
Adam,4,3,4_3,2.001050,26.6957
Adam,0,0,0_0,0.416438,86.7826
SGD,0,1,0_1,0.757977,70.4348
Nadam,1,3,1_3,0.289371,90.2609
Adamax,8,4,8_4,1.770785,22.6957
SGD,5,0,5_0,1.571317,29.6522
Adadelta,5,3,5_3,1.784439,22.6957
rmsprop,2,0,2_0,0.484408,83.5652
SGD,1,3,1_3,1.538980,29.6522
SGD,0,0,0_0,1.417598,29.6522
Adagrad,8,1,8_1,1.561626,22.6957
SGD,8,4,8_4,1.589935,29.6522
Nadam,5,4,5_4,2.888202,20.2609
Adamax,5,1,5_1,1.660985,25.4783
Adam,4,2,4_2,1.869445,21.6522
Nadam,2,1,2_1,0.290932,90.9565
Adadelta,7,0,7_0,1.609300,24.3478
SGD,7,3,7_3,1.590235,29.6522
Adam,4,2,4_2,1.808745,23.6522
Adagrad,7,1,7_1,1.464017,27.3913
Adamax,8,2,8_2,1.716190,22.6957
rmsprop,7,3,7_3,1.734334,21.2174
rmsprop,3,2,3_2,1.045470,56.6087
Adam,8,3,8_3,1.904047,22.6957
Adamax,4,2,4_2,1.624928,30.5217
Adadelta,1,2,1_2,0.388975,86.1739
Adagrad,2,2,2_2,0.536970,78.6087
Adagrad,6,3,6_3,1.516397,24.8696
Adam,8,1,8_1,1.339122,40.8696
Adamax,2,2,2_2,0.392302,85.6522
Adadelta,7,4,7_4,1.383010,31.4783
Nadam,0,4,0_4,0.321222,88.0000
Adam,6,0,6_0,0.599416,77.7391
Adamax,5,3,5_3,1.988733,23.3913
Adadelta,8,0,8_0,1.426479,45.3913
rmsprop,7,2,7_2,2.168468,22.6957
Adagrad,1,2,1_2,0.273763,89.6522
Adagrad,4,0,4_0,0.537894,83.0435
Nadam,6,2,6_2,1.744161,22.3478
SGD,5,0,5_0,1.570666,29.6522
Nadam,8,0,8_0,1.635219,22.6957
Adagrad,8,1,8_1,1.656217,22.6957
Adamax,6,0,6_0,1.585990,23.2174
Adam,3,0,3_0,0.410706,87.0435
Nadam,5,4,5_4,2.122541,23.1304
Adamax,1,1,1_1,0.276778,90.7826
Adagrad,5,1,5_1,1.463997,32.6087
Nadam,3,3,3_3,1.689639,28.5217
Adadelta,4,1,4_1,0.609749,78.9565
SGD,2,0,2_0,0.854198,67.1304
SGD,2,1,2_1,1.460507,29.6522
rmsprop,8,3,8_3,1.701788,22.6957
Adamax,3,1,3_1,0.408491,86.7826
Nadam,2,2,2_2,0.302482,89.8261
rmsprop,4,0,4_0,0.530050,84.3478
Adagrad,1,2,1_2,0.315002,89.1304
Adadelta,8,3,8_3,1.729393,22.6957
Adamax,6,3,6_3,1.800682,22.7826
Adagrad,8,1,8_1,1.578797,22.6957
Adadelta,6,1,6_1,1.319285,41.0435
Adamax,7,2,7_2,1.748138,22.6957
Nadam,1,3,1_3,0.319185,89.3043
Adamax,3,1,3_1,0.374927,87.7391
rmsprop,4,3,4_3,1.338303,38.2609
Adadelta,0,2,0_2,0.249237,91.3043
Adam,4,2,4_2,1.509108,30.3478
Adadelta,4,1,4_1,0.902395,66.6087
rmsprop,6,3,6_3,2.462617,20.1739
Nadam,2,1,2_1,0.329102,88.3478
Adam,3,0,3_0,0.478786,84.6087
Nadam,6,3,6_3,2.567966,20.2609
Adadelta,0,3,0_3,0.321654,88.0000
Adadelta,8,1,8_1,1.375333,28.1739
Adagrad,3,1,3_1,0.580994,80.5217
Adagrad,1,3,1_3,0.250184,91.1304
SGD,4,4,4_4,1.584283,29.6522
Nadam,4,4,4_4,1.436929,34.4348
Adagrad,1,2,1_2,0.244671,91.5652
Adadelta,4,3,4_3,1.162286,47.7391
SGD,6,4,6_4,1.590064,29.6522
rmsprop,5,1,5_1,1.289295,43.0435
Adam,6,4,6_4,2.011975,22.6957
SGD,0,4,0_4,1.566877,29.6522
Adamax,1,4,1_4,0.250751,91.5652
Adamax,0,0,0_0,0.393451,86.7826
Adagrad,0,0,0_0,0.433467,85.0435
SGD,1,1,1_1,0.726237,71.3913
Nadam,5,2,5_2,1.783119,28.4348
Adam,3,3,3_3,1.280198,45.7391
SGD,8,1,8_1,1.591650,29.6522
Adadelta,8,3,8_3,1.548173,22.6957
Adamax,1,2,1_2,0.255446,91.3043
Adamax,8,3,8_3,1.876426,22.6957
Adadelta,1,2,1_2,0.430200,83.8261
Adagrad,7,4,7_4,2.246991,24.2609
SGD,4,3,4_3,1.577150,29.6522
Adagrad,0,1,0_1,0.295736,89.7391
Adagrad,4,2,4_2,1.486368,31.6522
Adam,2,4,2_4,0.336360,88.3478
rmsprop,4,0,4_0,0.580231,81.7391
Adagrad,3,1,3_1,0.519474,83.3913
rmsprop,7,0,7_0,1.425080,26.5217
Adam,5,2,5_2,2.114569,21.0435
Adagrad,5,1,5_1,1.519940,31.7391
Adadelta,5,2,5_2,1.435360,27.7391
Adagrad,6,3,6_3,1.947352,21.3913
rmsprop,6,1,6_1,1.518650,26.3478
Adadelta,0,2,0_2,0.393658,85.3043
Adamax,6,1,6_1,1.610018,23.4783
Adadelta,2,0,2_0,0.423826,85.6522
Nadam,8,1,8_1,1.314007,32.6087
Nadam,5,0,5_0,0.525871,81.0435
rmsprop,3,4,3_4,1.727729,28.0870
Adadelta,7,2,7_2,1.442063,29.1304
rmsprop,1,4,1_4,0.298224,90.0000
Adam,3,0,3_0,0.418518,87.3043
Adamax,8,3,8_3,1.713800,22.6957
Adam,3,2,3_2,0.295470,89.8261
Nadam,0,3,0_3,0.271329,92.0870
Adamax,4,0,4_0,0.462556,85.8261
Adamax,5,2,5_2,1.671137,29.8261
rmsprop,5,1,5_1,1.137594,52.9565
Nadam,0,4,0_4,0.259166,91.8261
Adamax,6,3,6_3,2.009257,22.6957
Adadelta,7,4,7_4,1.909935,22.6957
Adam,0,3,0_3,0.242948,92.5217
SGD,6,3,6_3,1.588132,29.6522
SGD,1,3,1_3,1.537991,29.6522
rmsprop,2,2,2_2,0.296239,90.1739
Nadam,2,4,2_4,0.516502,82.9565
Adam,6,2,6_2,1.953877,22.0870
rmsprop,6,4,6_4,2.004324,22.6957
Adamax,3,1,3_1,0.351123,88.5217
Adagrad,0,2,0_2,0.256907,91.3043
Adam,7,2,7_2,1.934165,22.6957
rmsprop,0,3,0_3,0.550635,83.0435
Adagrad,8,1,8_1,1.642180,22.6957
Adadelta,7,3,7_3,1.580997,22.6957
Adamax,3,0,3_0,0.410972,87.3913
rmsprop,1,4,1_4,0.301032,90.1739
SGD,8,3,8_3,1.589508,29.6522
SGD,1,0,1_0,1.387688,29.9130
Adagrad,1,0,1_0,0.444891,85.2174
rmsprop,7,4,7_4,1.859201,22.6957
SGD,8,0,8_0,1.586331,29.6522
rmsprop,7,0,7_0,1.214436,38.5217
Nadam,0,2,0_2,0.374194,86.5217
Adadelta,4,2,4_2,1.769705,24.8696
Adagrad,8,1,8_1,1.628342,22.6957
Adam,5,1,5_1,1.498877,37.0435
Nadam,0,0,0_0,0.480325,83.5652
Adamax,8,3,8_3,1.760801,22.6957
Adadelta,6,0,6_0,1.679140,23.3913
Adam,5,2,5_2,1.905447,23.3913
rmsprop,8,1,8_1,1.612794,22.6957
SGD,4,3,4_3,1.526968,47.3913
Adam,1,0,1_0,0.407917,86.6957
SGD,0,3,0_3,1.571424,29.6522
Adam,6,1,6_1,1.481736,26.4348
Adagrad,0,0,0_0,0.396802,87.2174
Adadelta,1,0,1_0,0.404026,86.7826
Adadelta,8,2,8_2,1.175829,34.0000
Adagrad,8,4,8_4,1.371010,28.6957
Adam,7,0,7_0,0.641679,76.1739
Adamax,3,4,3_4,1.732856,28.1739
Adagrad,1,3,1_3,0.427609,85.0435
Adam,1,4,1_4,0.310463,89.8261
SGD,5,4,5_4,1.587245,29.6522
Adam,8,3,8_3,1.811434,22.6957
Adam,3,0,3_0,0.415459,86.6957
Adam,6,2,6_2,1.810787,23.7391
Nadam,8,1,8_1,1.275504,36.7826
rmsprop,2,3,2_3,0.553839,78.9565
Adam,4,1,4_1,0.328829,88.2609
Adagrad,4,0,4_0,0.576088,82.0870
Adamax,2,3,2_3,0.324898,87.9130
Adagrad,7,4,7_4,1.556406,29.6522
Adam,5,0,5_0,0.730546,73.7391
Adamax,0,0,0_0,0.435503,87.3913
Adadelta,4,3,4_3,1.458990,32.9565
Adadelta,2,0,2_0,0.480481,84.7826
Adamax,1,1,1_1,0.316405,89.6522
Adam,2,3,2_3,0.302395,89.3043
rmsprop,7,4,7_4,1.825533,20.3478
Adadelta,1,1,1_1,0.535574,80.0870
Adadelta,0,4,0_4,0.380702,87.1304
Adadelta,5,0,5_0,1.130884,54.3478
Adamax,8,2,8_2,1.714665,22.6957
Adadelta,0,3,0_3,0.426813,85.0435
SGD,8,1,8_1,1.588664,29.6522
Adamax,0,4,0_4,0.284995,90.5217
Adam,8,1,8_1,1.631492,22.6957
Adam,4,2,4_2,1.624130,30.6957
Adadelta,2,4,2_4,0.687905,76.4348
rmsprop,0,1,0_1,0.348748,88.0000
Nadam,7,1,7_1,1.935060,23.0435
Adamax,1,1,1_1,0.302087,90.6087
SGD,0,3,0_3,1.563575,29.6522
Adamax,5,1,5_1,1.513909,26.3478
Nadam,3,2,3_2,0.784084,67.4783
SGD,1,1,1_1,1.433187,29.6522
Adadelta,5,3,5_3,1.243327,34.4348
SGD,7,0,7_0,1.583142,29.6522
Adagrad,7,1,7_1,1.534549,24.1739
Nadam,3,4,3_4,1.549922,44.4348
Adagrad,5,4,5_4,1.565708,29.6522
Adam,5,4,5_4,1.868819,20.0870
Adamax,6,1,6_1,1.569578,24.5217
SGD,0,1,0_1,1.423228,29.6522
Adamax,2,1,2_1,0.282445,91.1304
Adagrad,5,0,5_0,0.657219,74.1739
Nadam,8,0,8_0,1.495842,24.1739
Nadam,5,3,5_3,2.177168,19.1304
Adadelta,6,4,6_4,1.416404,29.8261
SGD,4,3,4_3,1.586120,29.6522
Nadam,3,1,3_1,0.891457,64.2609
Adam,4,4,4_4,2.043321,22.6957
Adadelta,1,4,1_4,0.318035,88.8696
SGD,1,3,1_3,1.519918,29.6522
Nadam,2,3,2_3,0.456128,83.3043
rmsprop,6,2,6_2,1.909130,18.3478
Adagrad,7,0,7_0,1.266132,34.7826
rmsprop,6,4,6_4,2.098845,20.8696
Adam,3,2,3_2,0.405203,86.2609
Nadam,8,4,8_4,1.438160,20.2609
Adam,2,2,2_2,0.333592,88.0870
Adamax,1,4,1_4,0.275206,90.1739
rmsprop,8,0,8_0,1.439088,36.1739
Adam,7,4,7_4,1.984008,22.6957
Nadam,1,2,1_2,0.298859,91.2174
rmsprop,2,1,2_1,0.396961,86.8696
Adamax,0,4,0_4,0.267216,90.7826
Adadelta,4,0,4_0,0.695844,75.9130
Nadam,3,0,3_0,0.473609,85.3913
Nadam,4,2,4_2,1.221355,49.5652
Adam,8,4,8_4,1.903215,22.6957
Adam,1,1,1_1,0.271971,91.7391
SGD,7,0,7_0,1.582804,29.6522
rmsprop,2,1,2_1,0.311526,88.4348
rmsprop,1,3,1_3,0.512323,82.5217
Adamax,6,0,6_0,1.096816,47.9130
Adadelta,2,0,2_0,0.380782,88.1739
Nadam,4,2,4_2,0.738945,72.2609
Adadelta,3,0,3_0,0.766492,71.1304
Adadelta,0,2,0_2,0.456033,84.6957
rmsprop,2,0,2_0,0.455483,84.3478
Adagrad,6,4,6_4,1.633116,25.0435
Adam,2,4,2_4,0.445693,83.1304
SGD,6,0,6_0,1.580769,29.6522
Adagrad,3,4,3_4,1.829848,21.5652
SGD,3,4,3_4,1.584273,29.6522
Adamax,7,3,7_3,1.724962,22.6957
Adadelta,6,1,6_1,1.566075,27.4783
SGD,3,3,3_3,1.560097,29.6522
Adadelta,6,0,6_0,1.505626,32.2609
Adamax,3,0,3_0,0.449259,86.4348
Adam,7,3,7_3,2.023690,22.6957
Adam,4,1,4_1,0.488078,83.9130
Adagrad,8,1,8_1,1.335327,27.4783
SGD,7,3,7_3,1.591754,29.6522
SGD,0,2,0_2,1.418007,29.6522
SGD,8,0,8_0,1.587443,29.6522
Adamax,5,3,5_3,1.832091,22.7826
Adam,3,2,3_2,0.364220,86.1739
rmsprop,2,3,2_3,0.284877,91.0435
Adam,2,3,2_3,0.328066,88.6957
Adagrad,6,0,6_0,1.430825,33.8261
Adam,5,2,5_2,1.767459,25.5652
Adadelta,5,1,5_1,1.139915,52.1739
Adagrad,6,3,6_3,1.762032,20.8696
Adagrad,6,0,6_0,1.067643,55.4783
SGD,5,1,5_1,1.570597,29.6522
Adagrad,5,1,5_1,1.649129,26.0000
Nadam,4,2,4_2,1.059614,61.7391
SGD,0,4,0_4,1.572163,29.6522
Nadam,1,4,1_4,0.423000,85.4783
Adagrad,8,2,8_2,1.790461,22.6957
Adagrad,4,4,4_4,1.911689,22.7826
Adagrad,3,3,3_3,1.762969,27.6522
Adam,0,3,0_3,0.233435,92.1739
Adamax,5,4,5_4,1.967221,22.6957
Adadelta,1,4,1_4,0.341151,88.6087
Nadam,0,3,0_3,0.276132,90.9565
Nadam,6,4,6_4,2.173622,20.7826
Adagrad,0,1,0_1,0.307770,89.6522
Adamax,8,4,8_4,1.737382,22.6957
Nadam,4,1,4_1,0.471265,82.9565
Nadam,0,0,0_0,0.419888,85.3043
SGD,2,0,2_0,1.455535,29.6522
Nadam,2,4,2_4,0.412848,84.0870
Adamax,6,0,6_0,1.105006,48.0870
Adagrad,7,2,7_2,1.918748,20.7826
Adagrad,5,3,5_3,1.892985,24.5217
Adam,3,3,3_3,1.193139,47.4783
Adagrad,3,3,3_3,1.086773,55.3913
SGD,4,4,4_4,1.583871,29.6522
SGD,1,2,1_2,1.457207,29.6522
Adadelta,6,0,6_0,1.244544,45.5652
Nadam,6,1,6_1,1.522944,24.6957
Nadam,4,4,4_4,1.743215,39.3913
Adam,6,4,6_4,1.809968,20.7826
Nadam,6,4,6_4,1.982520,20.3478
Nadam,7,0,7_0,1.271404,40.0000
Adadelta,4,2,4_2,0.973486,62.9565
rmsprop,0,1,0_1,0.312727,89.2174
Adamax,2,3,2_3,0.389651,86.1739
rmsprop,4,2,4_2,1.661177,26.4348
Adam,8,0,8_0,1.598010,22.6957
SGD,0,4,0_4,1.563239,29.6522
Adam,2,2,2_2,0.292618,89.3043
Nadam,0,2,0_2,0.275132,91.0435
Nadam,7,3,7_3,1.781373,20.6087
Adagrad,6,4,6_4,1.976011,22.6957
SGD,4,4,4_4,1.586590,29.6522
Adadelta,4,2,4_2,2.174101,20.9565
rmsprop,1,0,1_0,0.649124,75.7391
rmsprop,1,3,1_3,0.292437,90.1739
rmsprop,1,2,1_2,0.352924,87.4783
Adam,3,2,3_2,0.412404,84.7826
Nadam,7,0,7_0,1.219152,43.0435
Adadelta,4,3,4_3,1.384991,35.2174
Adam,0,2,0_2,0.252660,91.9130
rmsprop,7,0,7_0,1.197783,40.0000
Nadam,4,0,4_0,0.385637,87.5652
Adadelta,1,0,1_0,0.484250,81.2174
Adadelta,7,3,7_3,1.467223,25.2174
SGD,7,0,7_0,1.579039,29.6522
Adam,2,4,2_4,0.274373,90.0870
Adamax,7,0,7_0,1.095137,53.4783
Adam,1,4,1_4,0.250654,92.2609
Adagrad,5,2,5_2,1.361307,32.3478
Adadelta,6,3,6_3,2.016888,23.3913
Nadam,1,1,1_1,0.280832,90.6957
Adagrad,1,2,1_2,0.287417,89.4783
SGD,0,0,0_0,0.820645,68.0870
Adadelta,4,0,4_0,0.509757,84.4348
Nadam,3,4,3_4,0.602266,76.4348
Adagrad,7,2,7_2,2.102886,20.6957
Adam,0,3,0_3,0.253874,91.0435
Adagrad,3,3,3_3,1.760093,33.7391
SGD,6,1,6_1,1.570273,22.6957
Adadelta,7,2,7_2,1.648415,22.6957
rmsprop,6,4,6_4,2.296065,22.6957
Adam,5,0,5_0,0.435392,84.6957
Adagrad,5,4,5_4,1.806588,21.8261
Adadelta,1,2,1_2,0.302831,89.4783
Adamax,7,4,7_4,1.776714,22.6957
Adadelta,3,3,3_3,1.632834,34.0000
Adam,7,0,7_0,0.995300,53.0435
Adadelta,5,2,5_2,1.330522,35.8261
Adadelta,5,3,5_3,1.776922,20.7826
Adamax,8,4,8_4,1.802094,22.6957
Adam,8,4,8_4,1.857968,22.6957
Nadam,5,4,5_4,1.581257,26.7826
Adagrad,2,1,2_1,0.353290,88.3478
Nadam,8,2,8_2,1.509467,20.7826
Adagrad,2,3,2_3,1.322108,46.0870
Adagrad,1,2,1_2,0.267143,90.5217
Adamax,2,1,2_1,0.326996,89.4783
Adamax,7,1,7_1,1.604244,22.7826
Nadam,3,1,3_1,0.463541,81.8261
Adamax,1,4,1_4,0.235228,91.6522
Nadam,6,3,6_3,1.982506,22.7826
Nadam,0,2,0_2,0.266111,91.9130
Adamax,1,1,1_1,0.321965,88.8696
Adadelta,1,1,1_1,0.372048,86.5217
SGD,4,1,4_1,1.555571,29.6522
Adadelta,3,3,3_3,1.390994,35.3043
Adagrad,3,2,3_2,1.104574,55.3043
Adamax,3,3,3_3,1.357729,38.0870
Adagrad,1,4,1_4,0.376565,86.4348
Adam,0,2,0_2,0.239842,91.8261
rmsprop,7,1,7_1,1.419011,26.9565
Adagrad,7,0,7_0,1.594540,23.9130
SGD,7,2,7_2,1.594982,22.6957
Adam,1,0,1_0,0.382499,87.6522
SGD,0,1,0_1,1.458514,29.6522
Nadam,2,3,2_3,0.389179,86.8696
Adamax,3,1,3_1,0.347637,88.3478
rmsprop,5,0,5_0,0.528684,81.6522
Adam,3,3,3_3,1.544834,34.1739
Adam,8,0,8_0,1.234994,37.1304
Adamax,4,1,4_1,1.162844,56.3478
SGD,3,4,3_4,1.577297,29.6522
Adam,6,1,6_1,1.569524,24.2609
Adamax,3,0,3_0,0.434295,86.5217
Adagrad,3,2,3_2,1.252917,46.9565
Adamax,2,3,2_3,0.390662,85.6522
rmsprop,5,0,5_0,0.749948,72.7826
rmsprop,4,4,4_4,1.589105,27.2174
Adagrad,6,3,6_3,1.807230,21.3913
Adadelta,5,2,5_2,2.111901,21.0435
Adam,6,3,6_3,1.868749,19.3913
Adadelta,1,0,1_0,0.412104,86.8696
Adam,0,2,0_2,0.256852,90.9565
rmsprop,6,3,6_3,2.187844,23.4783
SGD,7,0,7_0,1.578959,29.6522
SGD,4,4,4_4,1.582857,29.6522
Nadam,8,1,8_1,2.273760,22.6957
Adagrad,8,0,8_0,1.479619,26.0870
Nadam,7,3,7_3,2.122010,20.6957
Adamax,0,0,0_0,0.380098,88.0000
rmsprop,4,2,4_2,1.610528,30.6957
Adagrad,6,0,6_0,1.283034,41.4783
Adadelta,3,4,3_4,1.407371,38.3478
SGD,7,1,7_1,1.587358,29.6522
Nadam,6,0,6_0,1.399165,32.7826
rmsprop,0,1,0_1,0.311980,89.8261
Adam,1,0,1_0,0.396937,86.2609
Adadelta,1,1,1_1,0.456072,84.0000
Adadelta,6,3,6_3,1.681134,27.6522
SGD,7,4,7_4,1.589062,29.6522
SGD,4,1,4_1,1.561870,29.6522
Nadam,1,4,1_4,0.291155,91.1304
Adam,8,0,8_0,1.275580,41.3043
Adagrad,6,0,6_0,1.301359,40.0000
Nadam,8,4,8_4,1.910322,22.6957
rmsprop,0,4,0_4,0.340755,87.2174
rmsprop,0,2,0_2,0.378378,87.4783
Adam,1,2,1_2,0.241520,92.0870
rmsprop,0,2,0_2,0.341097,87.0435
Adam,6,2,6_2,1.969725,20.9565
SGD,6,2,6_2,1.581516,29.6522
Adam,2,1,2_1,0.335350,88.8696
Adamax,5,2,5_2,1.869323,25.1304
Adam,7,3,7_3,1.820666,22.6957
SGD,5,2,5_2,1.589649,29.6522
Adam,8,3,8_3,1.859507,22.6957
Adamax,0,1,0_1,0.305842,90.0000
Adagrad,7,2,7_2,1.518082,22.6957
Adamax,1,4,1_4,0.272610,91.2174
Adadelta,2,1,2_1,0.516939,79.6522
Adadelta,1,3,1_3,0.295999,88.8696
Adamax,4,0,4_0,0.467694,86.6087
Adamax,4,3,4_3,1.813365,26.0870
Nadam,8,4,8_4,1.720641,23.2174
Adagrad,4,3,4_3,1.714674,27.2174
Adadelta,4,3,4_3,1.206543,43.4783
Adam,2,4,2_4,0.519782,81.0435
Nadam,2,1,2_1,0.343709,86.7826
rmsprop,6,3,6_3,1.935461,23.4783
SGD,6,4,6_4,1.589291,29.6522
rmsprop,1,4,1_4,0.339460,87.9130
Adam,2,1,2_1,0.272520,91.2174
Adamax,4,3,4_3,2.000246,25.5652
Adadelta,3,0,3_0,0.452061,86.0000
rmsprop,8,2,8_2,1.897269,22.6957
rmsprop,2,2,2_2,0.387657,85.7391
Adam,7,3,7_3,2.147031,22.6957
rmsprop,0,3,0_3,0.323226,89.3913
Adamax,3,3,3_3,1.381424,39.0435
Adamax,0,0,0_0,0.449575,85.3913
Adam,5,0,5_0,0.624039,76.6087
rmsprop,8,2,8_2,1.984332,22.6957
Adam,7,0,7_0,1.166241,41.3043
rmsprop,7,3,7_3,1.713338,24.0000
Adadelta,5,4,5_4,1.415364,29.0435
Nadam,7,3,7_3,1.789335,22.8696
Adadelta,0,1,0_1,0.480727,82.5217
Adam,6,3,6_3,2.050728,23.3043
Adagrad,4,0,4_0,0.502597,81.7391
SGD,7,4,7_4,1.588958,29.6522
Adadelta,2,4,2_4,0.499267,82.0870
rmsprop,2,2,2_2,0.376992,85.7391
Adadelta,0,0,0_0,0.386305,87.9130
Adam,4,3,4_3,1.695084,26.4348
Adagrad,0,2,0_2,0.278636,89.8261
rmsprop,3,1,3_1,0.855891,66.4348
Adam,8,1,8_1,1.279710,40.3478
Adagrad,3,2,3_2,1.201502,53.4783
Adamax,0,1,0_1,0.283492,89.7391
Adagrad,1,1,1_1,0.329977,88.4348
SGD,0,2,0_2,1.543843,29.6522
Adam,0,4,0_4,0.242322,92.1739
SGD,6,0,6_0,1.580389,29.6522
SGD,7,2,7_2,1.587448,29.6522
rmsprop,5,4,5_4,2.396268,20.4348
Nadam,7,2,7_2,1.732732,26.8696
rmsprop,5,2,5_2,2.037323,21.5652
Adagrad,3,0,3_0,0.460161,85.5652
Adadelta,0,3,0_3,0.297072,89.3913
Adam,0,1,0_1,0.294833,90.5217
rmsprop,6,1,6_1,1.659436,23.8261
Adadelta,4,2,4_2,1.129375,51.7391
Adamax,3,1,3_1,0.347270,88.4348
SGD,8,2,8_2,1.589138,29.6522
Adagrad,8,3,8_3,1.785577,22.6957
Nadam,2,0,2_0,0.412502,86.6087
Adadelta,5,4,5_4,1.765831,22.0000
Adadelta,2,4,2_4,1.057816,56.1739
rmsprop,5,3,5_3,1.914691,20.5217
Nadam,7,2,7_2,1.562700,23.2174
Nadam,3,1,3_1,0.373225,86.0870
Nadam,2,1,2_1,0.347830,86.8696
SGD,4,2,4_2,1.566788,29.6522
rmsprop,4,4,4_4,1.839121,22.0870
Adamax,8,0,8_0,1.608377,22.6957
Adadelta,4,0,4_0,0.641966,78.6957
Adam,2,2,2_2,0.275034,90.1739
Adam,1,1,1_1,0.258649,91.7391
rmsprop,0,4,0_4,0.336156,88.0870
Nadam,5,3,5_3,1.593867,30.4348
Adadelta,5,3,5_3,1.396607,25.0435
Adagrad,2,3,2_3,1.103111,56.0000
Adadelta,2,2,2_2,0.315537,88.6957
rmsprop,8,1,8_1,1.720100,22.6957
rmsprop,4,2,4_2,1.495684,33.3043
Adadelta,5,4,5_4,1.890895,20.5217
Adagrad,1,0,1_0,0.424356,87.3043
Adagrad,2,4,2_4,0.324972,88.3478
rmsprop,1,2,1_2,0.370663,86.6957
SGD,5,0,5_0,1.578929,29.6522
Adagrad,7,2,7_2,1.663090,23.8261
Nadam,5,1,5_1,1.307484,37.1304
Adamax,7,2,7_2,1.746547,22.6957
Adadelta,0,1,0_1,0.347570,87.6522
rmsprop,2,3,2_3,0.385275,86.1739
Adagrad,6,4,6_4,1.561980,25.0435
Adadelta,2,3,2_3,0.961453,59.9130
Nadam,5,3,5_3,1.940089,27.2174
Adam,6,0,6_0,1.244772,41.6522
Adadelta,7,3,7_3,1.779231,22.6957
Adamax,2,0,2_0,0.487484,84.3478
SGD,0,3,0_3,1.475202,29.6522
Adagrad,3,0,3_0,0.428053,85.7391
Adadelta,3,4,3_4,1.184229,45.8261
Adam,7,4,7_4,2.037900,22.6957
Nadam,5,0,5_0,0.546809,81.1304
SGD,3,2,3_2,1.563614,29.6522
Adam,1,3,1_3,0.276575,90.9565
Adagrad,0,1,0_1,0.384402,86.4348
Adagrad,8,2,8_2,1.849186,22.6957
Adamax,7,2,7_2,1.783998,22.6957
SGD,7,3,7_3,1.592264,29.6522
Adagrad,5,3,5_3,1.820115,20.8696
rmsprop,0,4,0_4,0.384183,87.6522
Nadam,6,3,6_3,1.937457,21.8261
Adadelta,4,3,4_3,1.247371,37.1304
Adamax,5,4,5_4,1.848597,22.6957
Adadelta,1,0,1_0,0.394809,87.3043
Adamax,1,0,1_0,0.457448,86.2609
SGD,2,3,2_3,1.576519,29.6522
Adadelta,4,2,4_2,1.416507,35.9130
Adamax,1,2,1_2,0.317044,88.5217
Nadam,7,3,7_3,1.798382,21.0435
rmsprop,7,2,7_2,2.005066,20.9565
Adam,5,2,5_2,1.930088,22.7826
rmsprop,1,1,1_1,0.374987,86.7826
SGD,4,1,4_1,1.573032,29.6522
Adagrad,1,3,1_3,0.279854,90.5217
Adam,0,0,0_0,0.385807,87.7391
Adagrad,0,0,0_0,0.406200,87.5652
Adagrad,5,4,5_4,1.681035,27.0435
Nadam,6,0,6_0,0.715274,71.4783
SGD,7,2,7_2,1.587735,29.6522
Adamax,7,4,7_4,1.801726,22.6957
rmsprop,5,3,5_3,1.656059,24.5217
rmsprop,4,1,4_1,0.690947,75.6522
SGD,0,2,0_2,1.495695,29.6522
rmsprop,3,0,3_0,0.495770,81.0435
Adadelta,4,1,4_1,0.945775,62.0870
Adam,3,0,3_0,0.385800,86.8696
rmsprop,4,2,4_2,1.559385,28.2609
Adadelta,7,4,7_4,1.906014,24.6087
rmsprop,2,2,2_2,0.338129,88.6957
Adam,7,1,7_1,1.436493,22.6957
Nadam,2,0,2_0,0.416918,86.8696
Adagrad,4,2,4_2,1.464971,36.6087
Adam,3,4,3_4,1.464124,32.8696
Nadam,1,1,1_1,0.305154,89.8261
SGD,7,2,7_2,1.588160,29.6522
Adagrad,4,0,4_0,0.550658,82.8696
Adamax,0,3,0_3,0.250473,91.3913
Adamax,0,1,0_1,0.341700,87.6522
rmsprop,3,0,3_0,0.718604,76.5217
rmsprop,3,3,3_3,0.565993,79.3913
SGD,5,0,5_0,1.575780,29.6522
Nadam,8,1,8_1,1.348913,27.8261
Adadelta,5,4,5_4,1.930982,22.6957
rmsprop,2,4,2_4,0.410182,86.0870
Nadam,4,1,4_1,0.334112,88.1739
Adagrad,2,0,2_0,0.441473,85.0435
rmsprop,2,1,2_1,0.480482,81.3043
Adamax,4,3,4_3,1.861145,25.0435
Nadam,3,3,3_3,1.964378,32.3478
Adamax,2,4,2_4,0.471735,82.6957
Adadelta,8,0,8_0,1.196753,34.0870
Nadam,6,4,6_4,1.828888,21.1304
Adagrad,0,4,0_4,0.267196,91.3043
Adamax,2,3,2_3,0.321851,88.6087
rmsprop,7,3,7_3,2.352466,20.2609
SGD,3,2,3_2,1.550507,29.6522
Adam,7,3,7_3,1.862625,22.6957
SGD,2,1,2_1,1.456099,29.6522
Adadelta,6,4,6_4,1.985772,22.6957
Adagrad,3,0,3_0,0.463399,84.2609
Adadelta,5,1,5_1,1.158845,51.3043
rmsprop,2,0,2_0,0.827103,66.4348
rmsprop,4,2,4_2,0.976738,64.0870
Adamax,3,1,3_1,0.418009,85.7391
Adadelta,6,4,6_4,1.394254,32.6087
Nadam,5,1,5_1,0.637243,76.1739
Nadam,0,1,0_1,0.367449,87.8261
Adadelta,8,4,8_4,1.691503,22.6957
Nadam,5,1,5_1,1.339473,34.6957
Adamax,1,0,1_0,0.448999,87.1304
rmsprop,4,3,4_3,1.786896,25.1304
Adamax,7,0,7_0,1.517973,35.6522
SGD,3,4,3_4,1.576123,29.6522
SGD,7,2,7_2,1.585413,22.6957
Adam,6,2,6_2,1.966599,23.2174
rmsprop,7,2,7_2,1.982681,23.3913
Adagrad,8,4,8_4,1.566379,29.6522
Adagrad,2,2,2_2,0.433114,83.7391
Adagrad,5,4,5_4,2.192364,21.4783
Adagrad,7,1,7_1,1.562829,24.6957
rmsprop,8,4,8_4,1.786865,22.6957
Adadelta,2,1,2_1,0.708843,72.6087
Adamax,6,2,6_2,1.858740,22.6957
SGD,0,2,0_2,1.482624,29.6522
Adagrad,0,2,0_2,0.321111,88.6957
Nadam,0,0,0_0,0.432986,85.5652
Adadelta,8,0,8_0,1.310208,31.3913
Adadelta,6,3,6_3,1.796270,23.3913
Adadelta,7,0,7_0,1.497459,25.4783
Adamax,6,0,6_0,0.459224,85.4783
Nadam,1,1,1_1,0.255518,91.5652
Adagrad,4,1,4_1,1.315104,36.2609
Adam,4,4,4_4,1.811866,24.4348
Adamax,4,0,4_0,0.455857,85.1304
Adamax,0,1,0_1,0.298713,89.9130
Nadam,6,1,6_1,2.061601,21.8261
Adagrad,8,2,8_2,1.562650,29.7391
rmsprop,4,4,4_4,1.860421,23.4783
Adagrad,8,1,8_1,1.484372,24.7826
Adamax,2,4,2_4,0.412647,85.6522
Nadam,1,3,1_3,1.455545,64.8696
Adadelta,5,0,5_0,1.060075,59.9130
rmsprop,1,1,1_1,0.329919,89.4783
Adagrad,4,4,4_4,1.462489,26.2609
Adam,5,1,5_1,1.418957,33.7391
SGD,6,3,6_3,1.587356,29.6522
rmsprop,0,0,0_0,0.718049,71.7391
SGD,8,2,8_2,1.588782,29.6522
Adamax,3,4,3_4,1.590659,30.8696
Nadam,7,1,7_1,1.751138,23.5652
SGD,4,1,4_1,1.346182,50.8696
Adagrad,3,3,3_3,1.810323,37.3043
Adam,7,1,7_1,1.411992,25.5652
Adamax,0,4,0_4,0.228026,92.5217
rmsprop,6,4,6_4,1.759272,21.5652
Nadam,8,2,8_2,1.927709,19.9130
SGD,5,1,5_1,1.581528,29.6522
Adam,3,1,3_1,0.322708,88.7826
Adam,7,3,7_3,1.840903,22.7826
Adagrad,5,0,5_0,1.043493,63.4783
Nadam,1,0,1_0,0.395904,87.6522
Adamax,0,1,0_1,0.281385,90.6087
SGD,3,3,3_3,1.570091,29.6522
Nadam,8,2,8_2,1.671982,21.2174
Adagrad,5,3,5_3,2.067934,22.5217
Adadelta,8,4,8_4,1.692236,22.6957
SGD,6,0,6_0,1.583963,29.6522
Adagrad,2,1,2_1,0.716523,73.0435
Nadam,6,2,6_2,1.198491,49.3913
Adam,1,3,1_3,0.262594,92.0870
rmsprop,4,1,4_1,0.631135,76.4348
Adamax,6,2,6_2,1.811647,22.6957
Adamax,8,2,8_2,1.770184,22.6957
Adam,2,0,2_0,0.418879,87.5652
Adamax,3,2,3_2,1.192493,48.9565
Adagrad,4,0,4_0,0.502619,85.5652
SGD,8,3,8_3,1.590585,29.6522
Adagrad,1,2,1_2,0.268558,90.0000
Nadam,2,4,2_4,0.865469,66.5217
Nadam,1,4,1_4,0.300657,89.5652
Adamax,8,2,8_2,1.687082,22.6957
SGD,0,1,0_1,1.441819,29.6522
rmsprop,5,0,5_0,0.981684,65.2174
Nadam,0,3,0_3,0.350408,88.0000
rmsprop,3,3,3_3,0.968982,60.6087
Adadelta,5,0,5_0,1.154312,55.3913
Adadelta,3,4,3_4,1.348371,34.0870
Adam,6,0,6_0,0.639375,77.0435
Adagrad,1,4,1_4,0.290840,90.0870
Adamax,0,4,0_4,0.256405,92.0000
Adadelta,4,0,4_0,0.710049,72.1739
Adadelta,3,3,3_3,1.005764,57.7391
rmsprop,8,1,8_1,1.636435,22.6957
Nadam,0,3,0_3,0.276973,91.3043
Nadam,3,3,3_3,0.953210,64.0000
Adam,3,4,3_4,1.378968,36.8696
Adamax,3,1,3_1,0.954884,64.6957
Adadelta,8,4,8_4,1.715913,22.6957
rmsprop,1,3,1_3,0.386802,85.1304
Adadelta,4,3,4_3,1.710287,22.7826
SGD,3,3,3_3,1.575495,29.6522
Adagrad,8,3,8_3,1.311986,44.6957
Adam,5,3,5_3,2.042916,22.2609
rmsprop,3,2,3_2,0.563878,77.7391
Adamax,8,4,8_4,1.760038,22.6957
SGD,1,2,1_2,1.479282,29.6522
Adagrad,8,3,8_3,1.598278,23.5652
Adam,5,1,5_1,1.446596,33.1304
Adamax,5,3,5_3,1.859616,22.6957
Adamax,0,3,0_3,0.250432,91.8261
rmsprop,5,2,5_2,1.366208,33.4783
rmsprop,1,3,1_3,0.405356,89.3913
Adam,8,4,8_4,1.980419,22.6957
SGD,2,0,2_0,1.446071,29.7391
Adam,7,0,7_0,1.391437,34.8696
Adamax,8,1,8_1,1.744756,22.7826
Adamax,0,3,0_3,0.237241,91.8261
rmsprop,2,2,2_2,0.309291,88.7826
Nadam,4,0,4_0,0.453307,84.3478
Adadelta,8,0,8_0,1.450190,25.5652
Adadelta,6,3,6_3,1.388906,31.4783
Adamax,5,0,5_0,0.736589,72.4348
Adam,8,1,8_1,1.732008,20.7826
rmsprop,2,0,2_0,0.898309,65.5652
Adamax,8,3,8_3,1.762167,22.6957
rmsprop,8,4,8_4,1.924669,22.6957
SGD,8,3,8_3,1.588565,29.6522
SGD,8,1,8_1,1.590870,29.6522
Adadelta,5,2,5_2,1.263123,38.4348
Adam,5,4,5_4,2.149592,22.6957
Adagrad,1,1,1_1,0.333207,87.9130
Adam,1,2,1_2,0.255827,91.8261
Nadam,2,0,2_0,0.461898,84.5217
SGD,5,1,5_1,1.576980,29.6522
Adamax,5,0,5_0,0.671279,76.2609
Adagrad,8,2,8_2,1.788158,22.6957
Adam,3,2,3_2,1.230633,45.3043
Adagrad,6,3,6_3,2.007256,22.6957
rmsprop,2,0,2_0,0.434169,84.6087
Nadam,1,0,1_0,0.492928,84.7826
Nadam,1,3,1_3,0.265438,90.6087
rmsprop,5,4,5_4,1.977972,20.7826
Adam,0,1,0_1,0.293966,90.0000
Adagrad,6,4,6_4,1.832247,20.1739
Adadelta,4,4,4_4,1.341650,36.6957
Adamax,6,1,6_1,1.586959,22.7826
rmsprop,5,2,5_2,1.581649,24.0000
Nadam,2,0,2_0,0.467230,85.2174
Adamax,8,2,8_2,1.718636,22.6957
Adam,1,1,1_1,0.273631,91.0435
rmsprop,7,0,7_0,1.664765,23.4783
rmsprop,5,1,5_1,1.485440,33.8261
Adam,3,3,3_3,1.214842,48.5217
Nadam,3,3,3_3,2.123843,33.5652
Adamax,4,1,4_1,0.541789,81.6522
Nadam,0,3,0_3,0.276786,91.9130
Adadelta,8,2,8_2,1.608383,22.6957
SGD,0,0,0_0,1.431482,29.7391
Adamax,8,1,8_1,1.578940,26.6087
Adadelta,0,1,0_1,0.336577,87.9130
Adagrad,8,3,8_3,1.563944,29.6522
Adagrad,7,0,7_0,1.478189,28.2609
Adadelta,8,4,8_4,1.616025,22.6957
Adadelta,4,3,4_3,1.485620,31.7391
rmsprop,8,2,8_2,1.914472,22.6957
Adagrad,8,0,8_0,1.177209,36.5217
Adagrad,5,1,5_1,1.154636,51.5652
Adamax,7,1,7_1,1.388347,25.4783
Adamax,1,0,1_0,0.463318,85.3913
Nadam,7,0,7_0,1.148252,38.9565
rmsprop,1,0,1_0,0.482784,82.9565
SGD,1,2,1_2,1.558134,29.6522
Adagrad,5,2,5_2,1.572614,27.8261
SGD,8,0,8_0,1.587208,29.6522
Nadam,2,1,2_1,0.299176,90.6957
SGD,7,1,7_1,1.586938,22.6957
Adamax,6,4,6_4,1.968733,22.6957
Adam,1,3,1_3,0.253728,92.0870
rmsprop,6,1,6_1,1.177580,41.5652
rmsprop,7,1,7_1,1.540119,24.6957
Adagrad,1,2,1_2,0.259870,90.7826
Adam,5,1,5_1,1.309537,39.4783
SGD,2,1,2_1,1.492323,29.6522
Adadelta,3,4,3_4,1.424827,31.4783
rmsprop,8,3,8_3,1.907158,22.6957
SGD,4,1,4_1,1.556080,29.6522
rmsprop,7,1,7_1,1.784475,25.6522
Adam,6,2,6_2,1.843174,23.4783
Adagrad,6,1,6_1,1.188981,40.4348
Nadam,4,4,4_4,1.510242,33.9130
SGD,5,4,5_4,1.585646,29.6522
Adam,1,2,1_2,0.267742,90.6087
Adagrad,4,0,4_0,0.454993,87.3913
Adam,0,4,0_4,0.275663,91.3043
SGD,6,0,6_0,1.576221,29.6522
Nadam,8,0,8_0,1.819534,26.2609
rmsprop,3,1,3_1,0.881752,66.6087
SGD,5,3,5_3,1.585401,29.6522
Adam,1,3,1_3,0.257704,92.3478
Adagrad,6,2,6_2,1.866694,23.6522
Adagrad,0,0,0_0,0.438694,85.7391
Adadelta,4,2,4_2,2.081953,20.6087
SGD,6,2,6_2,1.579671,29.6522
Nadam,0,4,0_4,0.260323,91.1304
Adam,4,3,4_3,1.872156,28.0000
Adagrad,2,2,2_2,0.417514,84.6087
SGD,0,0,0_0,0.854825,66.1739
Adam,1,0,1_0,0.481100,84.8696
SGD,2,2,2_2,1.505827,29.6522
SGD,7,1,7_1,1.579676,29.6522
Adamax,5,1,5_1,1.419825,38.7826
Nadam,5,1,5_1,1.350958,34.5217
Adagrad,1,0,1_0,0.391518,88.3478
rmsprop,5,1,5_1,1.345890,37.3043
Adam,4,0,4_0,0.419024,87.3043
Adam,7,4,7_4,1.682227,43.0435
Adamax,0,2,0_2,0.277961,90.5217
rmsprop,4,2,4_2,1.233702,44.2609
rmsprop,2,3,2_3,0.538944,80.0000
SGD,7,4,7_4,1.590083,29.6522
Adam,0,0,0_0,0.362804,87.9130
Adam,8,2,8_2,1.875598,22.6957
Adadelta,7,3,7_3,1.338020,28.7826
Adadelta,3,1,3_1,0.482335,81.2174
Nadam,6,0,6_0,1.034098,56.4348
Adagrad,2,3,2_3,0.412254,84.8696
Adamax,1,3,1_3,0.250743,91.3043
Adadelta,2,3,2_3,0.516215,81.3913
SGD,1,1,1_1,1.433455,29.6522
Adamax,0,4,0_4,0.268108,90.9565
Nadam,0,1,0_1,0.330876,88.9565
Adagrad,0,2,0_2,0.261868,90.6957
rmsprop,1,1,1_1,0.356437,88.3478
rmsprop,4,0,4_0,0.461047,82.3478
rmsprop,2,0,2_0,0.493494,83.0435
Adamax,3,2,3_2,0.448094,84.1739
Adagrad,2,1,2_1,0.480211,81.7391
Adam,0,4,0_4,0.249491,92.3478
Adamax,7,3,7_3,1.838084,22.6957
Nadam,7,2,7_2,1.798417,22.2609
SGD,6,3,6_3,1.587063,29.6522
rmsprop,4,1,4_1,0.507362,83.9130
rmsprop,5,2,5_2,1.556231,29.0435
SGD,8,1,8_1,1.591552,29.6522
Nadam,8,0,8_0,1.083456,51.1304
SGD,5,3,5_3,1.585251,29.6522
Adadelta,4,4,4_4,1.153339,46.9565
Nadam,3,2,3_2,0.302569,89.7391
Adagrad,5,4,5_4,1.643532,25.4783
Adamax,2,0,2_0,0.408278,87.9130
Adamax,7,0,7_0,1.571769,25.0435
Adamax,0,4,0_4,0.242736,91.9130
Adamax,4,1,4_1,0.463060,83.2174
Nadam,1,1,1_1,0.284441,90.7826
rmsprop,5,4,5_4,1.965934,22.4348
Adam,0,3,0_3,0.274648,90.9565
Adagrad,6,0,6_0,0.958098,65.7391
Nadam,2,2,2_2,0.395166,85.8261
SGD,8,3,8_3,1.590885,29.6522
Adadelta,7,4,7_4,1.800995,22.6957
Adagrad,4,1,4_1,0.693109,76.3478
Adadelta,5,1,5_1,1.726353,22.0000
Adam,8,2,8_2,1.782817,22.6957
Adamax,0,3,0_3,0.247610,91.6522
rmsprop,8,3,8_3,1.977121,22.6957
Adamax,6,2,6_2,1.581964,23.6522
Adam,8,3,8_3,1.972225,22.6957
Adamax,0,1,0_1,0.297515,90.2609
rmsprop,2,3,2_3,0.552182,79.8261
Adam,5,1,5_1,1.632738,34.3478
Adagrad,8,3,8_3,1.568279,30.0870
Adamax,4,4,4_4,1.917305,22.6957
SGD,5,4,5_4,1.587150,29.6522
Adam,1,4,1_4,0.280741,91.3913
rmsprop,5,4,5_4,1.975196,21.5652
Adamax,3,3,3_3,1.371931,35.7391
Adadelta,4,1,4_1,1.364823,40.4348
Adam,2,4,2_4,0.414556,83.4783
Adadelta,0,4,0_4,0.259105,90.2609
Adamax,3,2,3_2,1.024698,59.0435
Adadelta,8,1,8_1,1.682736,22.6957
SGD,6,1,6_1,1.581928,29.6522
Nadam,0,4,0_4,0.265411,90.9565
Adam,0,0,0_0,0.374335,88.5217
Adam,3,0,3_0,0.430087,85.7391
Adadelta,0,4,0_4,0.295734,89.3913
Nadam,4,3,4_3,1.167745,54.0000
SGD,3,1,3_1,1.178546,58.7826
Adamax,5,1,5_1,1.600562,32.1739
Adadelta,8,4,8_4,1.698852,22.6957
Adagrad,3,3,3_3,1.754469,29.6522
rmsprop,8,4,8_4,1.841248,22.6957
Adagrad,8,0,8_0,1.458621,29.9130
Adagrad,2,1,2_1,0.540520,81.8261
Adamax,4,1,4_1,1.059352,57.5652
Adam,8,3,8_3,2.031319,22.6957
Adadelta,3,3,3_3,1.184396,46.9565
Adam,8,0,8_0,1.198038,46.2609
Adam,8,1,8_1,1.543785,33.4783
Nadam,0,2,0_2,0.361314,85.7391
Adadelta,1,3,1_3,0.403614,84.3478
Adam,5,4,5_4,2.056391,22.6957
SGD,5,2,5_2,1.579599,29.6522
rmsprop,6,1,6_1,1.679931,24.0870
rmsprop,8,0,8_0,1.498144,35.7391
rmsprop,4,3,4_3,2.078003,20.0870
SGD,3,2,3_2,1.559725,29.6522
SGD,5,2,5_2,1.583644,29.6522
Adam,5,4,5_4,2.306830,22.6957
Adam,6,0,6_0,0.519132,82.6087
SGD,8,2,8_2,1.592009,29.6522
rmsprop,7,4,7_4,1.918876,20.0000
Adagrad,4,3,4_3,1.495855,29.2174
Adam,4,0,4_0,0.378502,87.8261
Adam,8,4,8_4,1.843508,22.6957
rmsprop,0,4,0_4,0.286202,90.2609
Adamax,5,3,5_3,2.034316,22.6957
SGD,5,4,5_4,1.588136,29.6522
rmsprop,2,4,2_4,0.403760,85.9130
Nadam,2,0,2_0,0.400016,87.1304
Adamax,7,2,7_2,1.837346,22.6957
Adadelta,6,4,6_4,1.869752,22.7826
Nadam,6,3,6_3,2.197412,20.4348
Adamax,7,4,7_4,1.819152,22.6957
Nadam,3,4,3_4,0.673597,74.7826
Adam,6,0,6_0,0.685617,74.0000
SGD,5,4,5_4,1.590397,29.6522
rmsprop,7,1,7_1,1.566839,24.7826
Nadam,7,4,7_4,1.542836,20.6957
Adagrad,0,4,0_4,0.266623,90.1739
SGD,2,2,2_2,1.574489,29.6522
Adagrad,1,4,1_4,0.263298,91.1304
Nadam,3,4,3_4,1.745297,25.0435
rmsprop,2,4,2_4,0.518476,81.3913
Adam,6,3,6_3,1.862670,19.9130
rmsprop,3,2,3_2,0.808504,69.3043
Adam,5,2,5_2,1.882997,22.6087
Adagrad,1,4,1_4,0.300873,89.1304
Adamax,6,4,6_4,2.041939,22.6957
rmsprop,4,2,4_2,0.993399,59.1304
Adagrad,1,1,1_1,0.281877,90.5217
SGD,1,0,1_0,1.447796,29.6522
Nadam,3,1,3_1,0.480916,81.9130
Nadam,8,3,8_3,1.351171,32.6957
Adamax,6,4,6_4,2.009096,22.6957
rmsprop,6,2,6_2,1.788403,26.0000
Adagrad,7,0,7_0,1.341052,39.2174
SGD,2,4,2_4,1.577210,29.6522
Adam,6,3,6_3,2.059872,20.8696
Adam,0,1,0_1,0.273950,91.2174
SGD,2,2,2_2,1.505886,29.6522
rmsprop,6,0,6_0,0.945959,59.3043
Adadelta,1,0,1_0,0.437212,84.5217
Adadelta,2,2,2_2,0.380230,86.4348
Adagrad,4,4,4_4,1.952037,25.3913
Nadam,3,0,3_0,0.426677,87.3043
Adadelta,7,4,7_4,1.785447,22.6957
rmsprop,8,1,8_1,1.672079,22.6957
Nadam,2,2,2_2,0.283537,89.7391
SGD,3,0,3_0,1.529368,29.6522
Nadam,4,1,4_1,1.027649,59.5652
Adamax,8,3,8_3,1.725115,22.6957
Adamax,4,4,4_4,1.819801,22.6957
Adamax,0,0,0_0,0.433537,85.5652
Adamax,5,3,5_3,1.893666,22.6957
rmsprop,5,4,5_4,1.633637,24.9565
Nadam,4,3,4_3,1.497446,36.6087
Adagrad,5,4,5_4,2.161938,22.5217
rmsprop,3,3,3_3,1.736038,32.7826
Adadelta,0,2,0_2,0.355556,86.3478
Adagrad,4,0,4_0,0.528010,84.0870
Adamax,6,3,6_3,1.839520,22.7826
Adam,7,1,7_1,1.169585,40.7826
Adamax,8,1,8_1,1.772197,23.1304
Adamax,1,1,1_1,0.271400,91.2174
Nadam,7,2,7_2,2.414206,20.0000
Adadelta,7,3,7_3,1.427293,28.2609
SGD,0,1,0_1,1.416965,29.6522
rmsprop,7,4,7_4,1.470731,28.9565
Adadelta,4,0,4_0,0.606522,82.0000
SGD,3,2,3_2,1.555918,29.6522
Adadelta,8,1,8_1,1.727277,22.6957
Nadam,0,1,0_1,0.336689,87.8261
Adagrad,4,1,4_1,1.606389,31.3913
Nadam,6,2,6_2,2.095664,20.0870
Nadam,8,4,8_4,1.965056,22.6957
rmsprop,8,3,8_3,1.958868,22.6957
Adagrad,0,3,0_3,0.277416,90.1739
Nadam,1,4,1_4,0.404907,84.6087
Adadelta,2,2,2_2,0.401080,85.0435
Adadelta,0,3,0_3,0.357540,86.2609
Adam,7,3,7_3,1.599688,23.0435
Adadelta,8,3,8_3,1.243763,31.9130
Adam,7,1,7_1,1.615993,22.6957
Adam,0,2,0_2,0.258795,91.0435
Adagrad,7,1,7_1,1.491446,26.6087
rmsprop,8,0,8_0,1.443027,37.3913
rmsprop,3,1,3_1,0.501888,81.3913
Nadam,8,1,8_1,1.528834,26.0870
Nadam,0,3,0_3,0.290071,89.7391
Adagrad,1,1,1_1,0.346925,87.6522
Adam,3,4,3_4,1.460676,33.1304
Nadam,3,2,3_2,0.537574,80.8696
Adadelta,5,1,5_1,1.653501,28.8696
Adamax,8,2,8_2,1.762515,22.6957
Nadam,2,4,2_4,0.618459,78.6957
Nadam,7,2,7_2,1.233822,47.3913
rmsprop,2,3,2_3,0.322265,89.2174
rmsprop,2,1,2_1,0.388459,86.0000
Nadam,2,2,2_2,0.420797,84.2609
Adam,7,3,7_3,2.014215,22.6957
Nadam,1,4,1_4,0.297213,90.9565
rmsprop,8,4,8_4,1.953658,22.6957
Adagrad,0,4,0_4,0.287322,89.4783
Adamax,3,4,3_4,1.712588,28.6957
Adamax,4,3,4_3,1.920718,26.5217
Adamax,2,1,2_1,0.343281,88.4348
Adadelta,1,2,1_2,0.355222,87.8261
SGD,8,4,8_4,1.589336,29.6522
rmsprop,6,0,6_0,1.155352,52.9565
rmsprop,1,4,1_4,0.329752,88.7826
Adagrad,6,3,6_3,2.137048,20.2609
Adadelta,0,3,0_3,0.315144,88.9565
Adam,2,1,2_1,0.307612,89.3913
Adam,5,0,5_0,0.491719,83.1304
Adagrad,3,1,3_1,0.656533,76.6087
Adam,3,1,3_1,0.411753,85.7391
Adamax,4,0,4_0,0.477268,85.2174
rmsprop,3,2,3_2,0.726530,72.6957
rmsprop,0,1,0_1,0.377427,86.2609
rmsprop,6,3,6_3,2.249531,20.2609
Adadelta,6,2,6_2,1.323880,41.6522
Nadam,8,4,8_4,1.564130,29.6522
SGD,2,4,2_4,1.585661,29.6522
Nadam,8,0,8_0,1.572920,24.6087
Nadam,6,0,6_0,0.452232,83.7391
Adamax,4,0,4_0,0.424064,86.1739
Adagrad,3,2,3_2,1.682214,33.3913
Adadelta,3,3,3_3,0.826118,68.6087
Adamax,3,3,3_3,1.318298,41.4783
Adamax,0,3,0_3,0.238226,91.4783
Adadelta,2,1,2_1,0.407209,85.3913
Adamax,1,2,1_2,0.322263,88.3478
Adamax,4,0,4_0,0.451086,86.4348
rmsprop,3,0,3_0,0.484571,85.0435
Adagrad,0,3,0_3,0.260453,90.4348
SGD,3,0,3_0,1.042795,62.8696
SGD,3,0,3_0,0.964923,65.9130
Nadam,6,2,6_2,1.529579,28.6957
Nadam,5,2,5_2,2.177520,23.7391
Adam,1,3,1_3,0.246280,91.1304
Adamax,2,4,2_4,0.630072,75.9130
Adagrad,7,4,7_4,2.010481,20.2609
rmsprop,5,1,5_1,1.392883,32.8696
rmsprop,2,2,2_2,0.338285,87.8261
Adadelta,6,1,6_1,1.637397,23.3043
Adagrad,5,2,5_2,2.061488,23.9130
Adam,4,4,4_4,2.045665,23.4783
Adadelta,2,2,2_2,0.435883,84.3478
Adadelta,4,1,4_1,0.801508,70.3478
Adagrad,6,2,6_2,1.654940,24.7826
Nadam,8,0,8_0,1.353798,40.4348
Nadam,2,3,2_3,0.297418,89.0435
rmsprop,7,2,7_2,2.003769,22.6957
Nadam,7,3,7_3,1.792096,26.8696
rmsprop,3,0,3_0,0.467911,84.7826
Nadam,0,2,0_2,0.299782,89.8261
SGD,1,2,1_2,1.553407,29.6522
SGD,8,4,8_4,1.590609,29.6522
Adadelta,6,2,6_2,1.630355,27.5652
Adadelta,8,1,8_1,1.436242,33.3043
SGD,5,3,5_3,1.576773,29.6522
Adamax,1,3,1_3,0.260732,90.4348
Adadelta,8,3,8_3,1.681220,22.6957
Adam,1,1,1_1,0.259369,91.3043
SGD,3,2,3_2,1.572310,29.6522
Adam,8,2,8_2,1.699564,22.6957
Adadelta,6,2,6_2,1.765651,21.6522
Adadelta,0,0,0_0,0.401240,87.2174
Nadam,7,3,7_3,1.962457,21.1304
rmsprop,0,1,0_1,0.468569,83.9130
rmsprop,0,4,0_4,0.298448,90.6087
Nadam,0,1,0_1,0.356827,87.4783
Adadelta,5,3,5_3,2.000983,20.2609
rmsprop,0,2,0_2,0.291433,89.9130
Adadelta,6,2,6_2,1.414722,29.7391
Adamax,3,1,3_1,0.447989,85.2174
rmsprop,7,0,7_0,1.479862,40.7826
Adam,4,0,4_0,0.416059,87.0435
Adam,7,1,7_1,1.422517,26.0000
Adam,0,4,0_4,0.265688,91.9130
Adagrad,4,2,4_2,1.309252,45.3913
Adamax,8,1,8_1,1.290542,38.7826
Adadelta,1,1,1_1,0.366754,86.7826
Nadam,4,0,4_0,0.446323,85.2174
SGD,5,3,5_3,1.581684,29.6522
Nadam,2,0,2_0,0.439690,86.2609
Adamax,3,4,3_4,1.516443,32.8696
Adagrad,8,3,8_3,1.849241,22.6957
Adamax,2,1,2_1,0.362365,87.0435
Adamax,2,0,2_0,0.820534,66.8696
Adagrad,4,4,4_4,2.194372,20.0870
Adamax,5,2,5_2,1.540414,25.7391
Nadam,8,2,8_2,2.141343,20.6957
SGD,5,2,5_2,1.585943,29.6522
Nadam,5,2,5_2,2.014799,24.6957
Adadelta,4,4,4_4,1.995376,22.6957
Adadelta,6,3,6_3,1.645438,24.7826
Adadelta,8,2,8_2,1.358934,32.3478
Adamax,8,3,8_3,1.705542,22.6957
Adam,8,0,8_0,1.574041,28.0000
Nadam,1,1,1_1,0.328438,88.8696
rmsprop,1,0,1_0,0.425341,86.3478
Adadelta,0,0,0_0,0.658372,72.1739
SGD,2,3,2_3,1.572718,29.6522
Adamax,6,2,6_2,1.738470,22.6957
rmsprop,0,0,0_0,0.455993,85.8261
Nadam,6,4,6_4,2.297245,22.6957
Adamax,2,3,2_3,0.446394,84.5217
Adadelta,8,1,8_1,1.783350,22.6957
Adamax,3,2,3_2,0.370689,87.4783
rmsprop,1,1,1_1,0.289423,90.0000
Adagrad,2,1,2_1,0.417001,86.4348
Adadelta,2,0,2_0,0.407449,87.7391
Adagrad,7,1,7_1,1.482195,26.7826
Adadelta,3,1,3_1,0.854536,68.9565
Adadelta,0,4,0_4,0.355539,88.5217
Nadam,5,1,5_1,1.246088,45.3913
Nadam,0,0,0_0,0.413070,86.6087
Adam,1,2,1_2,0.261581,91.3043
Adamax,6,4,6_4,1.913539,22.6957
Adamax,7,3,7_3,1.774629,22.6957
Adam,5,1,5_1,1.477764,31.7391
Adadelta,0,4,0_4,0.303982,88.8696
Adadelta,1,4,1_4,0.344285,86.9565
Adamax,5,0,5_0,1.238824,49.0435
rmsprop,3,0,3_0,0.516055,81.5652
SGD,2,3,2_3,1.554485,29.6522
Adagrad,3,0,3_0,0.468592,83.3913
Adam,7,2,7_2,1.585283,40.6957
Adagrad,2,2,2_2,1.159041,65.1304
Adamax,0,2,0_2,0.249827,91.2174
Adam,4,1,4_1,1.142123,48.8696
Adagrad,1,2,1_2,0.301455,88.6087
Adam,1,3,1_3,0.242412,91.6522
Nadam,0,4,0_4,0.260613,91.1304
Adadelta,0,4,0_4,0.317949,87.9130
Adagrad,8,4,8_4,1.736737,29.6522
SGD,6,2,6_2,1.584184,29.6522
Adagrad,2,0,2_0,0.470287,83.7391
Adam,0,4,0_4,0.277470,90.7826
rmsprop,1,3,1_3,0.301060,90.3478
Nadam,7,4,7_4,1.524406,24.4348
rmsprop,1,4,1_4,0.310414,89.1304
Nadam,3,2,3_2,0.370231,87.7391
Nadam,1,2,1_2,0.254931,91.6522
Adagrad,0,1,0_1,0.310594,88.6957
Adagrad,4,3,4_3,1.685658,24.2609
rmsprop,0,1,0_1,0.302719,89.3913
rmsprop,1,2,1_2,0.413790,84.0870
Adam,6,2,6_2,1.903949,23.4783
Adam,5,4,5_4,2.184345,18.6087
Nadam,4,4,4_4,1.463097,30.0000
Adam,4,1,4_1,0.488136,83.2174
Adam,4,0,4_0,0.419593,87.3913
SGD,4,0,4_0,1.565891,29.6522
Adadelta,7,2,7_2,1.893354,24.5217
Adamax,4,4,4_4,1.742705,30.5217
Adam,3,4,3_4,1.475871,31.8261
Adam,4,3,4_3,1.877147,28.2609
rmsprop,5,2,5_2,1.757257,23.9130
Adadelta,8,0,8_0,1.452723,42.8696
Adam,7,4,7_4,1.886208,22.6957
SGD,7,1,7_1,1.588475,29.6522
Adagrad,7,0,7_0,1.460150,30.0870
Nadam,0,4,0_4,0.278984,90.9565
Adagrad,1,3,1_3,0.303656,88.7826
Adagrad,4,3,4_3,1.511165,27.5652
rmsprop,1,0,1_0,0.476207,86.3478
Adamax,8,2,8_2,1.772156,22.6957
Adadelta,0,4,0_4,0.320890,89.9130
Adagrad,3,1,3_1,0.989641,61.4783
rmsprop,1,2,1_2,0.260717,92.4348
Adamax,7,4,7_4,1.795603,22.6957
SGD,0,0,0_0,0.825975,67.2174
Adamax,5,0,5_0,0.497163,83.1304
SGD,6,4,6_4,1.588290,29.6522
Adadelta,0,2,0_2,0.305194,89.4783
Adagrad,3,3,3_3,1.543639,29.3913
Adam,5,3,5_3,2.002159,24.7826
Adamax,2,3,2_3,0.350749,87.3913
Adam,0,1,0_1,0.250936,92.0870
Adamax,6,4,6_4,1.862045,20.8696
rmsprop,5,2,5_2,2.001283,20.3478
Adamax,6,2,6_2,1.872148,22.6957
Nadam,3,1,3_1,0.390809,85.2174
rmsprop,3,3,3_3,0.823299,69.8261
Adam,5,0,5_0,0.567793,80.5217
Adadelta,1,2,1_2,0.382319,85.4783
Adam,1,1,1_1,0.268307,90.8696
Adadelta,8,2,8_2,2.029907,22.6957
Adadelta,3,0,3_0,0.562122,80.0870
rmsprop,0,3,0_3,0.308587,89.9130
Adam,5,2,5_2,1.879745,24.4348
Adagrad,0,3,0_3,0.265677,90.6957
rmsprop,4,0,4_0,0.426031,86.7826
Adamax,1,4,1_4,0.242625,91.8261
rmsprop,3,0,3_0,0.623577,79.1304
rmsprop,6,2,6_2,1.834190,21.3043
Adagrad,5,2,5_2,1.777725,24.8696
Nadam,7,0,7_0,1.456963,28.7826
Adam,2,4,2_4,0.317044,89.8261
rmsprop,6,3,6_3,2.056284,20.7826
Nadam,1,0,1_0,0.386526,88.4348
Adamax,0,0,0_0,0.439529,86.2609
SGD,3,0,3_0,1.557259,29.6522
Adam,1,4,1_4,0.280567,90.5217
Adamax,3,2,3_2,0.472394,83.3913
Nadam,7,4,7_4,2.140580,22.6957
SGD,0,3,0_3,1.532515,29.6522
Adam,0,4,0_4,0.245727,92.3478
Adadelta,5,1,5_1,1.351355,34.6087
SGD,1,3,1_3,1.535728,29.6522
Adam,1,4,1_4,0.267282,91.3043
Adagrad,1,0,1_0,0.423170,86.1739
SGD,7,4,7_4,1.594505,29.6522
Nadam,6,1,6_1,1.671611,23.9130
Adadelta,3,1,3_1,0.476902,83.1304
Adagrad,2,3,2_3,0.729954,71.2174
Adam,5,3,5_3,2.226954,21.6522
rmsprop,5,3,5_3,1.779534,22.0000
Nadam,7,0,7_0,1.245549,36.2609
Adam,0,0,0_0,0.481456,85.6522
Nadam,5,4,5_4,1.552547,27.9130
SGD,3,1,3_1,1.553436,29.6522
Adagrad,0,2,0_2,0.278636,90.6957
Adam,6,1,6_1,1.593183,23.3913
SGD,6,1,6_1,1.577922,29.6522
rmsprop,0,2,0_2,0.380271,86.6087
rmsprop,3,3,3_3,1.281770,45.7391
Nadam,8,2,8_2,1.905706,19.9130
Adam,1,2,1_2,0.291810,88.7826
Adam,4,0,4_0,0.456193,86.0870
Adadelta,0,2,0_2,0.403968,86.0000
Adamax,2,0,2_0,0.423913,86.4348
SGD,1,3,1_3,1.515327,29.6522
SGD,8,4,8_4,1.591567,29.6522
Adamax,0,2,0_2,0.255079,91.1304
Adam,2,0,2_0,0.432051,87.3043
Adagrad,5,3,5_3,1.706593,24.4348
rmsprop,7,4,7_4,2.350559,20.3478
Nadam,6,1,6_1,1.141847,44.8696
Adam,5,0,5_0,0.406590,85.3043
Nadam,4,3,4_3,1.973264,24.5217
Adadelta,0,1,0_1,0.511980,81.6522
Adadelta,6,3,6_3,1.574463,30.8696
SGD,5,0,5_0,1.571846,29.6522
SGD,2,0,2_0,0.845484,67.3913
rmsprop,4,2,4_2,0.934118,62.1739
Adamax,6,3,6_3,2.046664,22.6957
Adagrad,8,0,8_0,1.376109,37.7391
Adamax,5,3,5_3,1.849125,22.6957
rmsprop,2,4,2_4,0.400779,85.9130
Adagrad,8,1,8_1,1.253430,29.7391
SGD,6,1,6_1,1.563500,29.2174
Adamax,4,1,4_1,1.505060,36.2609
Adam,1,2,1_2,0.250104,91.1304
Adagrad,6,0,6_0,1.288793,44.0000
Adagrad,4,4,4_4,1.562993,27.4783
Adagrad,6,2,6_2,1.944004,26.0000
Adam,7,4,7_4,1.932698,22.6957
Adam,0,4,0_4,0.249844,91.4783
Adadelta,8,2,8_2,1.604539,22.6957
Adadelta,7,0,7_0,1.695916,23.0435
rmsprop,2,4,2_4,0.338993,88.3478
Adadelta,6,3,6_3,1.504789,26.6087
Nadam,8,3,8_3,1.565951,29.6522
rmsprop,4,3,4_3,1.703512,25.3913
SGD,5,2,5_2,1.583403,29.6522
Adam,2,2,2_2,0.264126,90.8696
Nadam,1,3,1_3,0.343729,88.0870
Adamax,7,3,7_3,1.691727,22.6957
Adadelta,7,1,7_1,1.516548,26.0000
Adam,2,2,2_2,0.254458,91.2174
Adam,6,0,6_0,0.887741,62.0000
Adam,0,3,0_3,0.248967,90.7826
Adagrad,2,4,2_4,0.577923,80.0000
Adam,4,3,4_3,1.852450,23.4783
Adam,6,2,6_2,1.888857,21.3913
Adam,5,0,5_0,0.733970,73.9130
Adagrad,0,3,0_3,0.309967,89.4783
Adamax,2,0,2_0,0.472503,85.4783
SGD,3,2,3_2,1.547230,29.6522
rmsprop,8,0,8_0,1.601722,23.7391
Adamax,8,0,8_0,1.502305,32.0870
Adamax,7,3,7_3,1.555975,23.5652
Adagrad,7,2,7_2,1.691894,22.9565
Adamax,7,1,7_1,1.629176,22.6957
Adam,7,1,7_1,1.607136,22.6957
Adagrad,8,2,8_2,1.668214,22.6957
SGD,0,4,0_4,1.576395,29.6522
SGD,6,1,6_1,1.578259,29.6522
Nadam,4,3,4_3,1.906257,26.9565
rmsprop,7,3,7_3,2.131588,22.6957
SGD,8,0,8_0,1.587682,29.6522
rmsprop,6,2,6_2,1.911954,23.6522
Nadam,3,3,3_3,1.728592,34.6957
Adagrad,6,0,6_0,1.408881,31.2174
Adadelta,3,4,3_4,1.102618,49.3043
Adamax,1,3,1_3,0.254857,90.8696
SGD,7,3,7_3,1.589293,29.6522
Adamax,4,3,4_3,1.821083,29.1304
Adadelta,3,1,3_1,0.455112,84.7826
Nadam,7,1,7_1,1.819833,22.0870
SGD,2,4,2_4,1.581214,29.6522
Adagrad,4,2,4_2,1.722113,33.2174
Nadam,4,3,4_3,1.404497,34.0000
SGD,4,3,4_3,1.573933,29.6522
Adadelta,2,3,2_3,0.471161,82.6087
rmsprop,0,3,0_3,0.291903,90.7826
SGD,1,0,1_0,1.420393,30.7826
Adam,8,3,8_3,1.830881,22.6957
Adagrad,0,4,0_4,0.272141,90.5217
Adamax,3,2,3_2,0.588090,80.8696
Nadam,4,3,4_3,1.649104,27.6522
Adagrad,7,1,7_1,1.570125,24.9565
rmsprop,2,0,2_0,0.589563,76.5217
rmsprop,1,1,1_1,0.318016,89.2174
rmsprop,1,1,1_1,0.333338,89.4783
SGD,5,3,5_3,1.578457,29.6522
Adadelta,7,1,7_1,1.492057,26.3478
Adagrad,0,3,0_3,0.292325,90.0870
Adadelta,1,0,1_0,0.423736,86.3478
Adam,1,2,1_2,0.305757,89.3043
Adadelta,1,4,1_4,0.294257,89.8261
Adamax,2,2,2_2,0.396667,85.5652
Adadelta,6,0,6_0,1.525698,30.7826
Nadam,5,0,5_0,0.428745,87.1304
SGD,7,3,7_3,1.589633,29.6522
SGD,1,1,1_1,1.449022,29.6522
Adagrad,4,3,4_3,2.029952,19.3913
Nadam,7,4,7_4,1.414582,31.3043
Nadam,5,3,5_3,2.113081,22.0870
rmsprop,7,0,7_0,1.370985,30.0870
Adam,3,1,3_1,0.401423,86.3478
Nadam,3,3,3_3,1.606336,35.7391
Adamax,3,2,3_2,0.474867,82.1739
rmsprop,7,2,7_2,2.053117,23.3913
Adamax,1,0,1_0,0.419624,85.9130
Adam,7,3,7_3,1.848362,32.6087
SGD,3,4,3_4,1.577262,29.6522
Adamax,1,1,1_1,0.290617,90.2609
SGD,1,4,1_4,1.579922,29.6522
Nadam,0,0,0_0,0.408663,88.1739
Adagrad,3,0,3_0,0.482816,86.4348
Adam,0,0,0_0,0.379326,87.7391
SGD,8,2,8_2,1.589054,29.6522
rmsprop,0,2,0_2,0.348669,87.4783
Adam,6,1,6_1,1.630321,23.6522
Adadelta,0,2,0_2,0.281289,89.5652
Adam,2,1,2_1,0.306296,89.3043
Adamax,7,3,7_3,1.756712,22.6957
Adam,7,4,7_4,1.952783,22.6957
rmsprop,6,2,6_2,1.854882,21.7391
Nadam,3,1,3_1,0.359336,86.9565
SGD,0,4,0_4,1.537421,29.6522
Adamax,7,0,7_0,1.584335,22.6957
Adagrad,2,1,2_1,0.357363,88.2609
Adagrad,8,3,8_3,1.590568,22.6957
rmsprop,7,1,7_1,1.667436,23.7391
Adadelta,7,1,7_1,1.545607,31.5652
Adagrad,1,3,1_3,0.295170,89.5652
rmsprop,6,3,6_3,2.383103,20.2609
rmsprop,0,3,0_3,0.860169,78.8696
Adagrad,5,2,5_2,1.250621,40.9565
Adadelta,0,2,0_2,0.539852,79.9130
rmsprop,5,3,5_3,1.914168,23.2174
Adamax,7,2,7_2,1.938526,21.0435
Adagrad,3,0,3_0,0.407921,86.9565
Adam,1,1,1_1,0.286250,90.5217
Adam,5,1,5_1,1.391549,34.9565
SGD,5,2,5_2,1.545398,44.7826
Adam,8,2,8_2,1.762522,22.7826
rmsprop,8,1,8_1,1.735629,23.3043
rmsprop,3,2,3_2,0.772685,69.9130
SGD,2,2,2_2,1.541786,29.6522
rmsprop,4,0,4_0,0.521833,84.6957
rmsprop,2,3,2_3,0.492777,81.7391
rmsprop,5,4,5_4,1.909066,22.6957
Adagrad,4,3,4_3,1.506371,35.9130
Nadam,1,2,1_2,0.289407,89.6522
rmsprop,1,2,1_2,0.283192,90.8696
Adadelta,0,1,0_1,0.423095,85.6522
Nadam,6,0,6_0,0.665843,74.8696
Adamax,5,1,5_1,1.643752,24.6087
Nadam,1,0,1_0,0.380434,87.7391
rmsprop,0,3,0_3,0.514170,84.8696
Adadelta,5,1,5_1,1.527714,26.6087
SGD,4,0,4_0,1.547564,29.6522
Adamax,8,2,8_2,1.721294,22.6957
Adam,0,3,0_3,0.249522,91.6522
Adamax,2,1,2_1,0.318095,89.3043
rmsprop,2,1,2_1,0.362157,87.1304
Adagrad,6,1,6_1,1.633541,31.1304
SGD,1,3,1_3,1.555106,29.6522
Adamax,8,4,8_4,1.764463,22.6957
Adam,8,2,8_2,1.695767,22.6087
Adagrad,7,4,7_4,1.616990,22.6957
rmsprop,0,4,0_4,0.283904,91.0435
rmsprop,6,0,6_0,1.221056,46.0000
Adadelta,3,2,3_2,0.750867,72.1739
Adagrad,2,0,2_0,0.489452,83.7391
Adagrad,7,4,7_4,1.277346,32.2609
Adamax,5,2,5_2,1.840491,22.6957
rmsprop,7,0,7_0,1.345964,32.5217
Adamax,3,0,3_0,0.422735,87.7391
Adagrad,3,3,3_3,1.347764,40.7826
SGD,5,1,5_1,1.564781,29.6522
Adagrad,0,1,0_1,0.320470,88.9565
Adadelta,2,2,2_2,0.403789,84.9565
Nadam,4,2,4_2,1.285031,40.6087
SGD,5,0,5_0,1.579768,29.6522
Adamax,5,4,5_4,1.999139,22.6957
Adadelta,7,1,7_1,1.878087,22.6957
SGD,6,0,6_0,1.579594,29.6522
Adam,3,1,3_1,0.386171,85.6522
Adam,1,2,1_2,0.242858,91.3913
Adamax,0,3,0_3,0.253920,91.0435
SGD,4,2,4_2,1.553533,29.6522
rmsprop,6,3,6_3,2.277435,20.5217
Nadam,1,1,1_1,0.262613,92.0000
Adagrad,6,2,6_2,1.563812,29.6522
Nadam,8,4,8_4,1.563682,29.6522
Adamax,6,3,6_3,1.799409,22.7826
Adagrad,7,1,7_1,1.851122,23.2174
Adamax,7,1,7_1,1.601565,22.6957
Adam,4,0,4_0,0.418986,87.5652
SGD,4,1,4_1,1.573556,29.6522
rmsprop,3,1,3_1,0.381719,87.5652
SGD,6,4,6_4,1.588632,29.6522
Nadam,6,0,6_0,0.755576,70.7826
Adagrad,1,0,1_0,0.441226,85.6522
Adagrad,0,0,0_0,0.386119,87.7391
Adamax,0,0,0_0,0.478588,86.0870
SGD,8,2,8_2,1.590455,29.6522
Nadam,1,2,1_2,0.256063,91.6522
Adamax,6,0,6_0,1.448276,40.1739
Nadam,6,2,6_2,2.226711,24.6957
SGD,4,4,4_4,1.583879,29.6522
SGD,3,1,3_1,1.517865,29.6522
Adadelta,2,1,2_1,0.553253,80.6957
Adamax,7,4,7_4,1.912314,22.6957
rmsprop,8,4,8_4,2.079791,22.6957
Adadelta,8,4,8_4,1.850227,22.6957
Adagrad,1,0,1_0,0.386531,87.4783
SGD,1,2,1_2,1.429137,29.7391
Adadelta,6,2,6_2,1.923157,24.8696
Adagrad,7,2,7_2,1.753964,23.3913
Adam,6,4,6_4,1.744941,19.1304
SGD,5,0,5_0,1.538817,29.6522
Nadam,7,4,7_4,2.291667,19.7391
Adagrad,6,2,6_2,1.809430,22.7826
Adagrad,8,2,8_2,1.555028,29.6522
Adam,6,4,6_4,2.009164,22.6957
Adagrad,4,3,4_3,1.882774,31.3913
Adadelta,6,0,6_0,1.146104,52.0870
Adamax,1,1,1_1,0.316212,88.7826
Adadelta,7,3,7_3,1.825918,22.6957
Adadelta,1,3,1_3,0.339098,86.6957
Nadam,7,4,7_4,1.563835,29.6522
Adam,4,1,4_1,0.563125,77.9130
SGD,3,4,3_4,1.587792,29.6522
Adam,5,3,5_3,2.099458,24.1739
Adadelta,8,3,8_3,1.564139,29.6522
SGD,5,0,5_0,1.563600,29.6522
Adadelta,1,3,1_3,0.292944,90.3478
Adagrad,4,4,4_4,1.860970,21.2174
SGD,8,3,8_3,1.589214,29.6522
Nadam,6,4,6_4,1.673711,22.7826
Adagrad,0,2,0_2,0.262539,90.6957
Adamax,8,3,8_3,1.815249,22.6957
rmsprop,2,1,2_1,0.344734,88.0000
Adamax,7,3,7_3,1.712041,22.6957
SGD,2,4,2_4,1.571555,29.6522
Adagrad,6,3,6_3,2.075845,20.6957
Adam,6,1,6_1,1.635549,23.5652
Adagrad,5,0,5_0,0.730615,74.2609
SGD,6,1,6_1,1.580330,29.6522
Adam,5,1,5_1,1.439115,35.1304
Adamax,7,0,7_0,1.561483,37.5652
Adam,7,2,7_2,1.634645,22.0870
Adadelta,5,4,5_4,2.022194,20.2609
rmsprop,2,3,2_3,0.372117,87.2174
Nadam,5,0,5_0,0.407933,86.3478
Nadam,0,1,0_1,0.366336,86.9565
Nadam,0,1,0_1,0.346619,87.9130
Adagrad,5,1,5_1,1.272318,38.7826
SGD,7,4,7_4,1.589098,29.6522
SGD,2,4,2_4,1.574557,29.6522
rmsprop,6,1,6_1,1.511484,25.5652
Adam,8,3,8_3,1.922295,22.6957
Adadelta,8,2,8_2,1.573215,22.6957
Nadam,5,1,5_1,0.606402,77.3043
Adamax,6,4,6_4,1.899565,22.6957
Adamax,2,2,2_2,0.345402,87.9130
Adagrad,7,3,7_3,1.560573,24.6957
Adadelta,2,0,2_0,0.532657,79.3043
Adadelta,8,1,8_1,1.758685,22.8696
Adam,7,0,7_0,1.326074,31.3043
rmsprop,5,0,5_0,0.507944,82.1739
rmsprop,6,0,6_0,1.093762,61.6522
Adam,5,4,5_4,2.224286,20.8696
Adagrad,1,4,1_4,0.282991,90.6087
Adamax,2,2,2_2,0.384091,85.3913
Nadam,5,3,5_3,2.446758,19.6522
Adagrad,2,4,2_4,0.623639,75.8261
Nadam,2,1,2_1,0.363479,87.3043
Adagrad,3,0,3_0,0.513191,82.8696
Adagrad,3,4,3_4,1.008929,61.0435
rmsprop,8,3,8_3,1.846774,22.6957
Adadelta,4,0,4_0,0.788614,75.2174
SGD,1,4,1_4,1.544135,29.6522
SGD,1,1,1_1,0.707537,72.7826
Adadelta,7,4,7_4,1.657846,22.0870
SGD,0,2,0_2,1.551320,29.6522
Adagrad,4,3,4_3,2.248397,20.5217
rmsprop,1,2,1_2,0.320212,88.5217
SGD,2,1,2_1,0.800740,68.8696
Adadelta,3,4,3_4,1.361041,37.6522
Adadelta,0,3,0_3,0.268220,90.9565
Adamax,6,4,6_4,1.938609,22.6957
Adadelta,6,0,6_0,1.447275,30.0870
Adamax,6,2,6_2,1.802113,22.6957
SGD,4,0,4_0,1.568023,29.6522
Adam,1,0,1_0,0.391553,87.0435
SGD,4,4,4_4,1.579678,29.6522
Adadelta,0,1,0_1,0.298106,89.9130
SGD,4,2,4_2,1.584697,29.6522
Adamax,0,2,0_2,0.265714,90.0000
SGD,1,0,1_0,1.387457,31.8261
Adamax,7,4,7_4,1.836904,22.6957
Adagrad,2,4,2_4,0.689257,73.5652
rmsprop,2,0,2_0,0.497230,83.1304
Adamax,4,1,4_1,1.233573,46.5217
SGD,2,0,2_0,1.472082,30.2609
Adadelta,2,0,2_0,0.514946,82.7826
SGD,7,4,7_4,1.589161,29.6522
SGD,5,2,5_2,1.579581,29.6522
Adadelta,2,4,2_4,0.808024,69.4783
rmsprop,3,4,3_4,1.283277,53.5652
Adamax,0,2,0_2,0.242761,92.1739
SGD,3,3,3_3,1.568236,29.6522
Adagrad,7,0,7_0,1.503329,26.1739
Nadam,2,2,2_2,0.447094,85.3043
rmsprop,3,2,3_2,0.621224,77.9130
Adagrad,6,3,6_3,1.724101,25.5652
Nadam,3,1,3_1,0.300975,89.9130
Nadam,4,0,4_0,0.490874,83.9130
Adadelta,0,1,0_1,0.587466,78.0870
Nadam,1,4,1_4,0.262123,91.3913
Adamax,3,4,3_4,1.695334,27.8261
SGD,0,4,0_4,1.568909,29.6522
Nadam,1,1,1_1,0.289075,90.0870
SGD,3,2,3_2,1.580914,29.6522
rmsprop,2,1,2_1,0.509502,80.0870
Adam,1,0,1_0,0.384367,88.0000
Adagrad,2,0,2_0,0.409528,87.9130
SGD,2,0,2_0,0.863583,66.0000
Adagrad,6,2,6_2,1.916307,20.8696
Adadelta,6,1,6_1,1.438989,29.3043
SGD,2,1,2_1,0.834342,66.8696
Adam,0,3,0_3,0.250103,92.0000
Adam,4,4,4_4,1.742695,28.6087
Nadam,2,3,2_3,0.318133,90.0870
Adagrad,4,4,4_4,1.893589,24.6957
SGD,2,1,2_1,0.805330,68.9565
Adam,6,3,6_3,2.022487,20.8696
Nadam,4,1,4_1,0.634813,76.2609
Adamax,3,3,3_3,1.561572,30.9565
Nadam,2,4,2_4,0.665559,75.3043
Adadelta,7,1,7_1,1.637624,22.6957
Nadam,3,0,3_0,0.454593,85.9130
Nadam,6,4,6_4,2.301766,20.6957
Adagrad,0,0,0_0,0.454147,84.5217
Adam,8,2,8_2,2.161604,20.2609
rmsprop,8,3,8_3,1.887017,22.6957
SGD,1,1,1_1,1.502224,29.6522
SGD,8,2,8_2,1.590143,29.6522
SGD,5,3,5_3,1.579192,29.6522
SGD,3,4,3_4,1.585029,29.6522
Nadam,3,0,3_0,0.442025,86.3478
Adamax,3,0,3_0,0.443098,86.0870
Adamax,8,0,8_0,1.581538,27.1304
Adamax,7,4,7_4,1.851707,22.6957
Adamax,8,0,8_0,1.342147,41.9130
Nadam,0,0,0_0,0.420474,86.5217
Adamax,0,2,0_2,0.252926,91.3913
Adamax,1,3,1_3,0.243412,91.7391
Nadam,5,2,5_2,1.320005,45.5652
Adagrad,8,4,8_4,2.204772,20.2609
Adam,1,3,1_3,0.257831,90.7826
rmsprop,3,3,3_3,1.522844,30.1739
Adamax,2,0,2_0,0.757639,69.4783
Adagrad,7,3,7_3,2.078203,20.4348
Adam,2,1,2_1,0.299041,90.2609
Adamax,6,2,6_2,1.839751,22.6957
Adadelta,8,3,8_3,1.948254,22.6957
Adam,4,0,4_0,0.438446,86.6087
SGD,0,4,0_4,1.581717,29.6522
Adam,0,0,0_0,0.423253,88.3478
Adagrad,4,4,4_4,1.722819,28.8696
rmsprop,7,2,7_2,1.935920,20.7826
rmsprop,3,4,3_4,1.594593,31.7391
rmsprop,3,0,3_0,0.465512,83.8261
Nadam,6,2,6_2,2.133513,21.0435
SGD,2,2,2_2,0.920983,63.7391
Adamax,0,1,0_1,0.347296,88.4348
Adamax,4,3,4_3,1.836616,24.7826
Adagrad,6,4,6_4,1.583189,29.3913
Adam,3,3,3_3,1.675227,26.4348
rmsprop,4,1,4_1,0.873006,68.5217
Nadam,5,0,5_0,0.779255,71.3043
Adam,2,0,2_0,0.442874,84.1739
Adadelta,7,1,7_1,1.316075,44.1739
Adam,5,3,5_3,2.002275,26.4348
SGD,2,4,2_4,1.581715,29.6522
Adam,0,0,0_0,0.381925,87.5652
Adagrad,1,4,1_4,0.285923,90.0000
Nadam,5,1,5_1,1.006100,58.3478
Adadelta,5,0,5_0,0.900961,66.7826
Adagrad,6,1,6_1,1.417161,29.0435
Adadelta,8,1,8_1,1.605499,24.4348
Adagrad,5,1,5_1,1.051521,59.4783
Adam,0,1,0_1,0.278903,90.6957
Adagrad,5,3,5_3,1.657811,23.6522
SGD,3,3,3_3,1.572448,29.6522
Adadelta,3,2,3_2,0.911879,63.9130
rmsprop,7,4,7_4,1.987881,22.6957
SGD,7,3,7_3,1.589757,29.6522
rmsprop,5,1,5_1,1.367139,31.9130
Adam,2,0,2_0,0.391701,88.4348
Adadelta,0,1,0_1,0.507414,80.5217
Adagrad,1,0,1_0,0.409217,87.3043
Adagrad,8,4,8_4,1.802058,22.6957
Adadelta,7,0,7_0,1.343331,29.4783
Adadelta,3,2,3_2,0.828110,69.4783
SGD,7,3,7_3,1.589020,29.6522
SGD,8,3,8_3,1.589710,29.6522
Adagrad,2,4,2_4,0.895095,73.9130
Adam,6,2,6_2,2.032079,24.0000
Adagrad,2,2,2_2,0.967207,68.2609
SGD,8,2,8_2,1.588443,29.6522
SGD,8,0,8_0,1.588321,29.6522
SGD,6,1,6_1,1.584846,29.6522
Adam,5,3,5_3,2.114094,22.0870
Adagrad,5,4,5_4,1.769468,21.8261
Adagrad,2,4,2_4,0.454947,83.6522
Adagrad,7,2,7_2,1.952846,22.8696
Adam,3,4,3_4,1.591129,28.2609
Nadam,8,1,8_1,1.881295,22.6957
Adamax,4,2,4_2,1.357404,36.8696
Adam,8,1,8_1,1.623163,22.6957
Adagrad,3,1,3_1,0.469924,84.0000
SGD,8,4,8_4,1.592152,29.6522
rmsprop,4,4,4_4,2.273617,23.0435
Adamax,4,1,4_1,1.279601,46.2609
Adamax,7,4,7_4,1.768934,22.6957
SGD,5,3,5_3,1.584404,29.6522
SGD,8,1,8_1,1.586959,29.6522
Adamax,7,1,7_1,1.614572,22.6957
rmsprop,0,2,0_2,0.300792,89.6522
rmsprop,3,4,3_4,1.550685,28.4348
Adamax,4,4,4_4,1.843391,22.7826
Adamax,1,3,1_3,0.287677,90.5217
Adagrad,0,4,0_4,0.282528,90.7826
Adamax,1,3,1_3,0.233986,91.7391
Nadam,1,3,1_3,0.343062,88.0000
Nadam,4,2,4_2,1.272415,40.6957
Adadelta,5,2,5_2,1.289085,43.3913
Adadelta,1,4,1_4,0.349015,87.1304
rmsprop,6,1,6_1,1.448850,29.1304
Adamax,5,1,5_1,1.535897,36.3478
Adagrad,1,0,1_0,0.439053,86.0870
SGD,4,2,4_2,1.583330,29.6522
Nadam,1,0,1_0,0.475390,82.8696
rmsprop,6,2,6_2,1.780687,24.6087
SGD,3,0,3_0,1.518838,29.6522
Adadelta,1,2,1_2,0.377080,86.9565
Nadam,2,3,2_3,0.314659,88.4348
rmsprop,4,0,4_0,0.479478,82.5217
rmsprop,5,4,5_4,2.012873,20.6087
Adagrad,3,1,3_1,0.397623,85.3043
SGD,4,4,4_4,1.584868,29.6522
SGD,8,4,8_4,1.591447,29.6522
SGD,8,1,8_1,1.589348,29.6522
Adamax,3,2,3_2,0.619567,78.6087
rmsprop,4,1,4_1,1.277278,42.6087
rmsprop,0,3,0_3,0.311712,89.4783
Adagrad,3,1,3_1,0.552860,81.1304
SGD,4,0,4_0,1.550469,29.6522
Nadam,2,3,2_3,0.415912,85.3913
Adagrad,4,1,4_1,1.544956,31.1304
Adam,5,2,5_2,1.719779,29.1304
Adagrad,6,4,6_4,1.952262,22.6957
Adagrad,3,2,3_2,1.114117,54.3478
Adagrad,5,0,5_0,0.730536,76.0000
Nadam,4,1,4_1,0.358084,87.2174
Nadam,8,0,8_0,1.451933,28.0870
Adadelta,4,1,4_1,1.192769,51.8261
rmsprop,5,1,5_1,1.822692,22.3478
rmsprop,4,4,4_4,1.614026,25.3043
Adamax,4,2,4_2,1.719559,29.4783
Adadelta,2,4,2_4,0.528535,80.7826
SGD,6,4,6_4,1.589388,29.6522
Nadam,1,2,1_2,0.318615,90.0000
Adadelta,2,4,2_4,0.436523,85.3913
Adadelta,2,1,2_1,0.651063,73.4783
Adam,3,1,3_1,0.354017,88.8696
SGD,3,1,3_1,1.063198,58.6087
Adam,7,0,7_0,1.197462,41.4783
rmsprop,4,1,4_1,0.729923,72.7826
Nadam,3,0,3_0,0.423831,87.1304
rmsprop,8,3,8_3,1.835730,22.6957
Adam,6,1,6_1,1.538242,24.4348
Nadam,0,3,0_3,0.305019,89.7391
Adam,2,3,2_3,0.335165,87.7391
Adagrad,3,4,3_4,1.192823,47.3913
